name,time,count,host,job_name,operator_id,operator_name,subtask_index,task_attempt_id,task_id,task_name,tm_id
taskmanager_job_task_operator_numRecordsIn,1654014694887000000,3735054,192.168.152.220,Word Count,1a936cb48657826a536f331e9fb33b5e,word-count,0,36b2fb04cee320844dec1532b8e8e8bb,1a936cb48657826a536f331e9fb33b5e,word-count,192.168.152.220:37633-d25c2e
taskmanager_job_task_operator_numRecordsIn,1654014694887000000,0,192.168.152.220,Word Count,cbc357ccb763df2852fee8c4fc7d55f2,Source: Custom Source,0,5b70aa61ce5797ed45c047c50fd1d68d,cbc357ccb763df2852fee8c4fc7d55f2,Source: Custom Source -> sentence-stream,192.168.152.220:37633-d25c2e
taskmanager_job_task_operator_numRecordsIn,1654014694887000000,461998,192.168.152.220,Word Count,7df19f87deec5680128845fd9a6ca18d,sentence-stream,0,5b70aa61ce5797ed45c047c50fd1d68d,cbc357ccb763df2852fee8c4fc7d55f2,Source: Custom Source -> sentence-stream,192.168.152.220:37633-d25c2e
taskmanager_job_task_operator_numRecordsIn,1654014694887000000,926892,192.168.152.220,Word Count,aa0083b97ffaad66a1e3b93651ba4449,Sink: count-sink,0,6ec54a99d3f3184e7a0384926f34f7fa,aa0083b97ffaad66a1e3b93651ba4449,Sink: count-sink,192.168.152.220:37633-d25c2e
taskmanager_job_task_operator_numRecordsIn,1654014694887000000,932708,192.168.152.220,Word Count,aa0083b97ffaad66a1e3b93651ba4449,Sink: count-sink,1,66ef5dfe533961744a2a30a1e156f437,aa0083b97ffaad66a1e3b93651ba4449,Sink: count-sink,192.168.152.220:37633-d25c2e
taskmanager_job_task_operator_numRecordsIn,1654014694887000000,456570,192.168.152.220,Word Count,9dd63673dd41ea021b896d5203f3ba7c,word-splitter,0,5e9f1c11223ade4f95d37c6516ff9da6,9dd63673dd41ea021b896d5203f3ba7c,word-splitter,192.168.152.220:37633-d25c2e
taskmanager_job_task_operator_numRecordsIn,1654014694887000000,932495,192.168.152.220,Word Count,aa0083b97ffaad66a1e3b93651ba4449,Sink: count-sink,2,f5d1db1505f58cd6fe848ac3e8218a24,aa0083b97ffaad66a1e3b93651ba4449,Sink: count-sink,192.168.152.220:37633-d25c2e
taskmanager_job_task_operator_numRecordsIn,1654014694887000000,931526,192.168.152.220,Word Count,aa0083b97ffaad66a1e3b93651ba4449,Sink: count-sink,3,b7ce879d3bf2d0c1e5839b5c6a1c84c0,aa0083b97ffaad66a1e3b93651ba4449,Sink: count-sink,192.168.152.220:37633-d25c2e
taskmanager_job_task_operator_numRecordsIn,1654014710207000000,2281622,192.168.152.220,Word Count,aa0083b97ffaad66a1e3b93651ba4449,Sink: count-sink,2,f5d1db1505f58cd6fe848ac3e8218a24,aa0083b97ffaad66a1e3b93651ba4449,Sink: count-sink,192.168.152.220:37633-d25c2e
taskmanager_job_task_operator_numRecordsIn,1654014710207000000,2282522,192.168.152.220,Word Count,aa0083b97ffaad66a1e3b93651ba4449,Sink: count-sink,3,b7ce879d3bf2d0c1e5839b5c6a1c84c0,aa0083b97ffaad66a1e3b93651ba4449,Sink: count-sink,192.168.152.220:37633-d25c2e
taskmanager_job_task_operator_numRecordsIn,1654014710207000000,1120666,192.168.152.220,Word Count,7df19f87deec5680128845fd9a6ca18d,sentence-stream,0,5b70aa61ce5797ed45c047c50fd1d68d,cbc357ccb763df2852fee8c4fc7d55f2,Source: Custom Source -> sentence-stream,192.168.152.220:37633-d25c2e
taskmanager_job_task_operator_numRecordsIn,1654014710207000000,9134650,192.168.152.220,Word Count,1a936cb48657826a536f331e9fb33b5e,word-count,0,36b2fb04cee320844dec1532b8e8e8bb,1a936cb48657826a536f331e9fb33b5e,word-count,192.168.152.220:37633-d25c2e
taskmanager_job_task_operator_numRecordsIn,1654014710207000000,0,192.168.152.220,Word Count,cbc357ccb763df2852fee8c4fc7d55f2,Source: Custom Source,0,5b70aa61ce5797ed45c047c50fd1d68d,cbc357ccb763df2852fee8c4fc7d55f2,Source: Custom Source -> sentence-stream,192.168.152.220:37633-d25c2e
taskmanager_job_task_operator_numRecordsIn,1654014710207000000,1115104,192.168.152.220,Word Count,9dd63673dd41ea021b896d5203f3ba7c,word-splitter,0,5e9f1c11223ade4f95d37c6516ff9da6,9dd63673dd41ea021b896d5203f3ba7c,word-splitter,192.168.152.220:37633-d25c2e
taskmanager_job_task_operator_numRecordsIn,1654014710207000000,2282305,192.168.152.220,Word Count,aa0083b97ffaad66a1e3b93651ba4449,Sink: count-sink,0,6ec54a99d3f3184e7a0384926f34f7fa,aa0083b97ffaad66a1e3b93651ba4449,Sink: count-sink,192.168.152.220:37633-d25c2e
taskmanager_job_task_operator_numRecordsIn,1654014710207000000,2275588,192.168.152.220,Word Count,aa0083b97ffaad66a1e3b93651ba4449,Sink: count-sink,1,66ef5dfe533961744a2a30a1e156f437,aa0083b97ffaad66a1e3b93651ba4449,Sink: count-sink,192.168.152.220:37633-d25c2e
taskmanager_job_task_operator_numRecordsIn,1654014725309000000,3611419,192.168.152.220,Word Count,aa0083b97ffaad66a1e3b93651ba4449,Sink: count-sink,0,6ec54a99d3f3184e7a0384926f34f7fa,aa0083b97ffaad66a1e3b93651ba4449,Sink: count-sink,192.168.152.220:37633-d25c2e
taskmanager_job_task_operator_numRecordsIn,1654014725309000000,3607863,192.168.152.220,Word Count,aa0083b97ffaad66a1e3b93651ba4449,Sink: count-sink,1,66ef5dfe533961744a2a30a1e156f437,aa0083b97ffaad66a1e3b93651ba4449,Sink: count-sink,192.168.152.220:37633-d25c2e
taskmanager_job_task_operator_numRecordsIn,1654014725309000000,1768860,192.168.152.220,Word Count,7df19f87deec5680128845fd9a6ca18d,sentence-stream,0,5b70aa61ce5797ed45c047c50fd1d68d,cbc357ccb763df2852fee8c4fc7d55f2,Source: Custom Source -> sentence-stream,192.168.152.220:37633-d25c2e
taskmanager_job_task_operator_numRecordsIn,1654014725309000000,3606305,192.168.152.220,Word Count,aa0083b97ffaad66a1e3b93651ba4449,Sink: count-sink,2,f5d1db1505f58cd6fe848ac3e8218a24,aa0083b97ffaad66a1e3b93651ba4449,Sink: count-sink,192.168.152.220:37633-d25c2e
taskmanager_job_task_operator_numRecordsIn,1654014725309000000,3610715,192.168.152.220,Word Count,aa0083b97ffaad66a1e3b93651ba4449,Sink: count-sink,3,b7ce879d3bf2d0c1e5839b5c6a1c84c0,aa0083b97ffaad66a1e3b93651ba4449,Sink: count-sink,192.168.152.220:37633-d25c2e
taskmanager_job_task_operator_numRecordsIn,1654014725309000000,1763150,192.168.152.220,Word Count,9dd63673dd41ea021b896d5203f3ba7c,word-splitter,0,5e9f1c11223ade4f95d37c6516ff9da6,9dd63673dd41ea021b896d5203f3ba7c,word-splitter,192.168.152.220:37633-d25c2e
taskmanager_job_task_operator_numRecordsIn,1654014725309000000,14448540,192.168.152.220,Word Count,1a936cb48657826a536f331e9fb33b5e,word-count,0,36b2fb04cee320844dec1532b8e8e8bb,1a936cb48657826a536f331e9fb33b5e,word-count,192.168.152.220:37633-d25c2e
taskmanager_job_task_operator_numRecordsIn,1654014725309000000,0,192.168.152.220,Word Count,cbc357ccb763df2852fee8c4fc7d55f2,Source: Custom Source,0,5b70aa61ce5797ed45c047c50fd1d68d,cbc357ccb763df2852fee8c4fc7d55f2,Source: Custom Source -> sentence-stream,192.168.152.220:37633-d25c2e
taskmanager_job_task_operator_numRecordsIn,1654014740357000000,20502242,192.168.152.220,Word Count,1a936cb48657826a536f331e9fb33b5e,word-count,0,36b2fb04cee320844dec1532b8e8e8bb,1a936cb48657826a536f331e9fb33b5e,word-count,192.168.152.220:37633-d25c2e
taskmanager_job_task_operator_numRecordsIn,1654014740357000000,0,192.168.152.220,Word Count,cbc357ccb763df2852fee8c4fc7d55f2,Source: Custom Source,0,5b70aa61ce5797ed45c047c50fd1d68d,cbc357ccb763df2852fee8c4fc7d55f2,Source: Custom Source -> sentence-stream,192.168.152.220:37633-d25c2e
taskmanager_job_task_operator_numRecordsIn,1654014740357000000,2506664,192.168.152.220,Word Count,7df19f87deec5680128845fd9a6ca18d,sentence-stream,0,5b70aa61ce5797ed45c047c50fd1d68d,cbc357ccb763df2852fee8c4fc7d55f2,Source: Custom Source -> sentence-stream,192.168.152.220:37633-d25c2e
taskmanager_job_task_operator_numRecordsIn,1654014740357000000,5117037,192.168.152.220,Word Count,aa0083b97ffaad66a1e3b93651ba4449,Sink: count-sink,0,6ec54a99d3f3184e7a0384926f34f7fa,aa0083b97ffaad66a1e3b93651ba4449,Sink: count-sink,192.168.152.220:37633-d25c2e
taskmanager_job_task_operator_numRecordsIn,1654014740357000000,5123831,192.168.152.220,Word Count,aa0083b97ffaad66a1e3b93651ba4449,Sink: count-sink,1,66ef5dfe533961744a2a30a1e156f437,aa0083b97ffaad66a1e3b93651ba4449,Sink: count-sink,192.168.152.220:37633-d25c2e
taskmanager_job_task_operator_numRecordsIn,1654014740357000000,2501419,192.168.152.220,Word Count,9dd63673dd41ea021b896d5203f3ba7c,word-splitter,0,5e9f1c11223ade4f95d37c6516ff9da6,9dd63673dd41ea021b896d5203f3ba7c,word-splitter,192.168.152.220:37633-d25c2e
taskmanager_job_task_operator_numRecordsIn,1654014740357000000,5123799,192.168.152.220,Word Count,aa0083b97ffaad66a1e3b93651ba4449,Sink: count-sink,2,f5d1db1505f58cd6fe848ac3e8218a24,aa0083b97ffaad66a1e3b93651ba4449,Sink: count-sink,192.168.152.220:37633-d25c2e
taskmanager_job_task_operator_numRecordsIn,1654014740357000000,5123819,192.168.152.220,Word Count,aa0083b97ffaad66a1e3b93651ba4449,Sink: count-sink,3,b7ce879d3bf2d0c1e5839b5c6a1c84c0,aa0083b97ffaad66a1e3b93651ba4449,Sink: count-sink,192.168.152.220:37633-d25c2e
taskmanager_job_task_operator_numRecordsIn,1654014755444000000,6639943,192.168.152.220,Word Count,aa0083b97ffaad66a1e3b93651ba4449,Sink: count-sink,2,f5d1db1505f58cd6fe848ac3e8218a24,aa0083b97ffaad66a1e3b93651ba4449,Sink: count-sink,192.168.152.220:37633-d25c2e
taskmanager_job_task_operator_numRecordsIn,1654014755444000000,6636548,192.168.152.220,Word Count,aa0083b97ffaad66a1e3b93651ba4449,Sink: count-sink,3,b7ce879d3bf2d0c1e5839b5c6a1c84c0,aa0083b97ffaad66a1e3b93651ba4449,Sink: count-sink,192.168.152.220:37633-d25c2e
taskmanager_job_task_operator_numRecordsIn,1654014755444000000,3246213,192.168.152.220,Word Count,7df19f87deec5680128845fd9a6ca18d,sentence-stream,0,5b70aa61ce5797ed45c047c50fd1d68d,cbc357ccb763df2852fee8c4fc7d55f2,Source: Custom Source -> sentence-stream,192.168.152.220:37633-d25c2e
taskmanager_job_task_operator_numRecordsIn,1654014755444000000,26564965,192.168.152.220,Word Count,1a936cb48657826a536f331e9fb33b5e,word-count,0,36b2fb04cee320844dec1532b8e8e8bb,1a936cb48657826a536f331e9fb33b5e,word-count,192.168.152.220:37633-d25c2e
taskmanager_job_task_operator_numRecordsIn,1654014755444000000,0,192.168.152.220,Word Count,cbc357ccb763df2852fee8c4fc7d55f2,Source: Custom Source,0,5b70aa61ce5797ed45c047c50fd1d68d,cbc357ccb763df2852fee8c4fc7d55f2,Source: Custom Source -> sentence-stream,192.168.152.220:37633-d25c2e
taskmanager_job_task_operator_numRecordsIn,1654014755444000000,3240787,192.168.152.220,Word Count,9dd63673dd41ea021b896d5203f3ba7c,word-splitter,0,5e9f1c11223ade4f95d37c6516ff9da6,9dd63673dd41ea021b896d5203f3ba7c,word-splitter,192.168.152.220:37633-d25c2e
taskmanager_job_task_operator_numRecordsIn,1654014755444000000,6635320,192.168.152.220,Word Count,aa0083b97ffaad66a1e3b93651ba4449,Sink: count-sink,0,6ec54a99d3f3184e7a0384926f34f7fa,aa0083b97ffaad66a1e3b93651ba4449,Sink: count-sink,192.168.152.220:37633-d25c2e
taskmanager_job_task_operator_numRecordsIn,1654014755444000000,6639958,192.168.152.220,Word Count,aa0083b97ffaad66a1e3b93651ba4449,Sink: count-sink,1,66ef5dfe533961744a2a30a1e156f437,aa0083b97ffaad66a1e3b93651ba4449,Sink: count-sink,192.168.152.220:37633-d25c2e
taskmanager_job_task_operator_numRecordsIn,1654014770495000000,8147477,192.168.152.220,Word Count,aa0083b97ffaad66a1e3b93651ba4449,Sink: count-sink,0,6ec54a99d3f3184e7a0384926f34f7fa,aa0083b97ffaad66a1e3b93651ba4449,Sink: count-sink,192.168.152.220:37633-d25c2e
taskmanager_job_task_operator_numRecordsIn,1654014770495000000,8146766,192.168.152.220,Word Count,aa0083b97ffaad66a1e3b93651ba4449,Sink: count-sink,1,66ef5dfe533961744a2a30a1e156f437,aa0083b97ffaad66a1e3b93651ba4449,Sink: count-sink,192.168.152.220:37633-d25c2e
taskmanager_job_task_operator_numRecordsIn,1654014770495000000,3981107,192.168.152.220,Word Count,7df19f87deec5680128845fd9a6ca18d,sentence-stream,0,5b70aa61ce5797ed45c047c50fd1d68d,cbc357ccb763df2852fee8c4fc7d55f2,Source: Custom Source -> sentence-stream,192.168.152.220:37633-d25c2e
taskmanager_job_task_operator_numRecordsIn,1654014770495000000,8140046,192.168.152.220,Word Count,aa0083b97ffaad66a1e3b93651ba4449,Sink: count-sink,2,f5d1db1505f58cd6fe848ac3e8218a24,aa0083b97ffaad66a1e3b93651ba4449,Sink: count-sink,192.168.152.220:37633-d25c2e
taskmanager_job_task_operator_numRecordsIn,1654014770495000000,8147407,192.168.152.220,Word Count,aa0083b97ffaad66a1e3b93651ba4449,Sink: count-sink,3,b7ce879d3bf2d0c1e5839b5c6a1c84c0,aa0083b97ffaad66a1e3b93651ba4449,Sink: count-sink,192.168.152.220:37633-d25c2e
taskmanager_job_task_operator_numRecordsIn,1654014770495000000,3975755,192.168.152.220,Word Count,9dd63673dd41ea021b896d5203f3ba7c,word-splitter,0,5e9f1c11223ade4f95d37c6516ff9da6,9dd63673dd41ea021b896d5203f3ba7c,word-splitter,192.168.152.220:37633-d25c2e
taskmanager_job_task_operator_numRecordsIn,1654014770495000000,32592156,192.168.152.220,Word Count,1a936cb48657826a536f331e9fb33b5e,word-count,0,36b2fb04cee320844dec1532b8e8e8bb,1a936cb48657826a536f331e9fb33b5e,word-count,192.168.152.220:37633-d25c2e
taskmanager_job_task_operator_numRecordsIn,1654014770495000000,0,192.168.152.220,Word Count,cbc357ccb763df2852fee8c4fc7d55f2,Source: Custom Source,0,5b70aa61ce5797ed45c047c50fd1d68d,cbc357ccb763df2852fee8c4fc7d55f2,Source: Custom Source -> sentence-stream,192.168.152.220:37633-d25c2e
taskmanager_job_task_operator_numRecordsIn,1654014785551000000,38690867,192.168.152.220,Word Count,1a936cb48657826a536f331e9fb33b5e,word-count,0,36b2fb04cee320844dec1532b8e8e8bb,1a936cb48657826a536f331e9fb33b5e,word-count,192.168.152.220:37633-d25c2e
taskmanager_job_task_operator_numRecordsIn,1654014785551000000,0,192.168.152.220,Word Count,cbc357ccb763df2852fee8c4fc7d55f2,Source: Custom Source,0,5b70aa61ce5797ed45c047c50fd1d68d,cbc357ccb763df2852fee8c4fc7d55f2,Source: Custom Source -> sentence-stream,192.168.152.220:37633-d25c2e
taskmanager_job_task_operator_numRecordsIn,1654014785551000000,4725311,192.168.152.220,Word Count,7df19f87deec5680128845fd9a6ca18d,sentence-stream,0,5b70aa61ce5797ed45c047c50fd1d68d,cbc357ccb763df2852fee8c4fc7d55f2,Source: Custom Source -> sentence-stream,192.168.152.220:37633-d25c2e
taskmanager_job_task_operator_numRecordsIn,1654014785551000000,9671950,192.168.152.220,Word Count,aa0083b97ffaad66a1e3b93651ba4449,Sink: count-sink,0,6ec54a99d3f3184e7a0384926f34f7fa,aa0083b97ffaad66a1e3b93651ba4449,Sink: count-sink,192.168.152.220:37633-d25c2e
taskmanager_job_task_operator_numRecordsIn,1654014785551000000,9671943,192.168.152.220,Word Count,aa0083b97ffaad66a1e3b93651ba4449,Sink: count-sink,1,66ef5dfe533961744a2a30a1e156f437,aa0083b97ffaad66a1e3b93651ba4449,Sink: count-sink,192.168.152.220:37633-d25c2e
taskmanager_job_task_operator_numRecordsIn,1654014785551000000,4719524,192.168.152.220,Word Count,9dd63673dd41ea021b896d5203f3ba7c,word-splitter,0,5e9f1c11223ade4f95d37c6516ff9da6,9dd63673dd41ea021b896d5203f3ba7c,word-splitter,192.168.152.220:37633-d25c2e
taskmanager_job_task_operator_numRecordsIn,1654014785551000000,9664234,192.168.152.220,Word Count,aa0083b97ffaad66a1e3b93651ba4449,Sink: count-sink,2,f5d1db1505f58cd6fe848ac3e8218a24,aa0083b97ffaad66a1e3b93651ba4449,Sink: count-sink,192.168.152.220:37633-d25c2e
taskmanager_job_task_operator_numRecordsIn,1654014785551000000,9671514,192.168.152.220,Word Count,aa0083b97ffaad66a1e3b93651ba4449,Sink: count-sink,3,b7ce879d3bf2d0c1e5839b5c6a1c84c0,aa0083b97ffaad66a1e3b93651ba4449,Sink: count-sink,192.168.152.220:37633-d25c2e
taskmanager_job_task_operator_numRecordsIn,1654014800591000000,11184207,192.168.152.220,Word Count,aa0083b97ffaad66a1e3b93651ba4449,Sink: count-sink,2,f5d1db1505f58cd6fe848ac3e8218a24,aa0083b97ffaad66a1e3b93651ba4449,Sink: count-sink,192.168.152.220:37633-d25c2e
taskmanager_job_task_operator_numRecordsIn,1654014800591000000,11191225,192.168.152.220,Word Count,aa0083b97ffaad66a1e3b93651ba4449,Sink: count-sink,3,b7ce879d3bf2d0c1e5839b5c6a1c84c0,aa0083b97ffaad66a1e3b93651ba4449,Sink: count-sink,192.168.152.220:37633-d25c2e
taskmanager_job_task_operator_numRecordsIn,1654014800591000000,5466606,192.168.152.220,Word Count,7df19f87deec5680128845fd9a6ca18d,sentence-stream,0,5b70aa61ce5797ed45c047c50fd1d68d,cbc357ccb763df2852fee8c4fc7d55f2,Source: Custom Source -> sentence-stream,192.168.152.220:37633-d25c2e
taskmanager_job_task_operator_numRecordsIn,1654014800591000000,44771183,192.168.152.220,Word Count,1a936cb48657826a536f331e9fb33b5e,word-count,0,36b2fb04cee320844dec1532b8e8e8bb,1a936cb48657826a536f331e9fb33b5e,word-count,192.168.152.220:37633-d25c2e
taskmanager_job_task_operator_numRecordsIn,1654014800591000000,0,192.168.152.220,Word Count,cbc357ccb763df2852fee8c4fc7d55f2,Source: Custom Source,0,5b70aa61ce5797ed45c047c50fd1d68d,cbc357ccb763df2852fee8c4fc7d55f2,Source: Custom Source -> sentence-stream,192.168.152.220:37633-d25c2e
taskmanager_job_task_operator_numRecordsIn,1654014800591000000,5461093,192.168.152.220,Word Count,9dd63673dd41ea021b896d5203f3ba7c,word-splitter,0,5e9f1c11223ade4f95d37c6516ff9da6,9dd63673dd41ea021b896d5203f3ba7c,word-splitter,192.168.152.220:37633-d25c2e
taskmanager_job_task_operator_numRecordsIn,1654014800591000000,11191893,192.168.152.220,Word Count,aa0083b97ffaad66a1e3b93651ba4449,Sink: count-sink,0,6ec54a99d3f3184e7a0384926f34f7fa,aa0083b97ffaad66a1e3b93651ba4449,Sink: count-sink,192.168.152.220:37633-d25c2e
taskmanager_job_task_operator_numRecordsIn,1654014800591000000,11191604,192.168.152.220,Word Count,aa0083b97ffaad66a1e3b93651ba4449,Sink: count-sink,1,66ef5dfe533961744a2a30a1e156f437,aa0083b97ffaad66a1e3b93651ba4449,Sink: count-sink,192.168.152.220:37633-d25c2e
taskmanager_job_task_operator_numRecordsIn,1654014815639000000,12699634,192.168.152.220,Word Count,aa0083b97ffaad66a1e3b93651ba4449,Sink: count-sink,0,6ec54a99d3f3184e7a0384926f34f7fa,aa0083b97ffaad66a1e3b93651ba4449,Sink: count-sink,192.168.152.220:37633-d25c2e
taskmanager_job_task_operator_numRecordsIn,1654014815639000000,12699601,192.168.152.220,Word Count,aa0083b97ffaad66a1e3b93651ba4449,Sink: count-sink,1,66ef5dfe533961744a2a30a1e156f437,aa0083b97ffaad66a1e3b93651ba4449,Sink: count-sink,192.168.152.220:37633-d25c2e
taskmanager_job_task_operator_numRecordsIn,1654014815639000000,6202082,192.168.152.220,Word Count,7df19f87deec5680128845fd9a6ca18d,sentence-stream,0,5b70aa61ce5797ed45c047c50fd1d68d,cbc357ccb763df2852fee8c4fc7d55f2,Source: Custom Source -> sentence-stream,192.168.152.220:37633-d25c2e
taskmanager_job_task_operator_numRecordsIn,1654014815639000000,12691683,192.168.152.220,Word Count,aa0083b97ffaad66a1e3b93651ba4449,Sink: count-sink,2,f5d1db1505f58cd6fe848ac3e8218a24,aa0083b97ffaad66a1e3b93651ba4449,Sink: count-sink,192.168.152.220:37633-d25c2e
taskmanager_job_task_operator_numRecordsIn,1654014815639000000,12698872,192.168.152.220,Word Count,aa0083b97ffaad66a1e3b93651ba4449,Sink: count-sink,3,b7ce879d3bf2d0c1e5839b5c6a1c84c0,aa0083b97ffaad66a1e3b93651ba4449,Sink: count-sink,192.168.152.220:37633-d25c2e
taskmanager_job_task_operator_numRecordsIn,1654014815639000000,6196611,192.168.152.220,Word Count,9dd63673dd41ea021b896d5203f3ba7c,word-splitter,0,5e9f1c11223ade4f95d37c6516ff9da6,9dd63673dd41ea021b896d5203f3ba7c,word-splitter,192.168.152.220:37633-d25c2e
taskmanager_job_task_operator_numRecordsIn,1654014815639000000,50802334,192.168.152.220,Word Count,1a936cb48657826a536f331e9fb33b5e,word-count,0,36b2fb04cee320844dec1532b8e8e8bb,1a936cb48657826a536f331e9fb33b5e,word-count,192.168.152.220:37633-d25c2e
taskmanager_job_task_operator_numRecordsIn,1654014815639000000,0,192.168.152.220,Word Count,cbc357ccb763df2852fee8c4fc7d55f2,Source: Custom Source,0,5b70aa61ce5797ed45c047c50fd1d68d,cbc357ccb763df2852fee8c4fc7d55f2,Source: Custom Source -> sentence-stream,192.168.152.220:37633-d25c2e
taskmanager_job_task_operator_numRecordsIn,1654014830687000000,56847012,192.168.152.220,Word Count,1a936cb48657826a536f331e9fb33b5e,word-count,0,36b2fb04cee320844dec1532b8e8e8bb,1a936cb48657826a536f331e9fb33b5e,word-count,192.168.152.220:37633-d25c2e
taskmanager_job_task_operator_numRecordsIn,1654014830687000000,0,192.168.152.220,Word Count,cbc357ccb763df2852fee8c4fc7d55f2,Source: Custom Source,0,5b70aa61ce5797ed45c047c50fd1d68d,cbc357ccb763df2852fee8c4fc7d55f2,Source: Custom Source -> sentence-stream,192.168.152.220:37633-d25c2e
taskmanager_job_task_operator_numRecordsIn,1654014830687000000,6939304,192.168.152.220,Word Count,7df19f87deec5680128845fd9a6ca18d,sentence-stream,0,5b70aa61ce5797ed45c047c50fd1d68d,cbc357ccb763df2852fee8c4fc7d55f2,Source: Custom Source -> sentence-stream,192.168.152.220:37633-d25c2e
taskmanager_job_task_operator_numRecordsIn,1654014830687000000,14211337,192.168.152.220,Word Count,aa0083b97ffaad66a1e3b93651ba4449,Sink: count-sink,0,6ec54a99d3f3184e7a0384926f34f7fa,aa0083b97ffaad66a1e3b93651ba4449,Sink: count-sink,192.168.152.220:37633-d25c2e
taskmanager_job_task_operator_numRecordsIn,1654014830687000000,14211340,192.168.152.220,Word Count,aa0083b97ffaad66a1e3b93651ba4449,Sink: count-sink,1,66ef5dfe533961744a2a30a1e156f437,aa0083b97ffaad66a1e3b93651ba4449,Sink: count-sink,192.168.152.220:37633-d25c2e
taskmanager_job_task_operator_numRecordsIn,1654014830687000000,6933779,192.168.152.220,Word Count,9dd63673dd41ea021b896d5203f3ba7c,word-splitter,0,5e9f1c11223ade4f95d37c6516ff9da6,9dd63673dd41ea021b896d5203f3ba7c,word-splitter,192.168.152.220:37633-d25c2e
taskmanager_job_task_operator_numRecordsIn,1654014830687000000,14203758,192.168.152.220,Word Count,aa0083b97ffaad66a1e3b93651ba4449,Sink: count-sink,2,f5d1db1505f58cd6fe848ac3e8218a24,aa0083b97ffaad66a1e3b93651ba4449,Sink: count-sink,192.168.152.220:37633-d25c2e
taskmanager_job_task_operator_numRecordsIn,1654014830687000000,14210518,192.168.152.220,Word Count,aa0083b97ffaad66a1e3b93651ba4449,Sink: count-sink,3,b7ce879d3bf2d0c1e5839b5c6a1c84c0,aa0083b97ffaad66a1e3b93651ba4449,Sink: count-sink,192.168.152.220:37633-d25c2e
taskmanager_job_task_operator_numRecordsIn,1654014845735000000,15716925,192.168.152.220,Word Count,aa0083b97ffaad66a1e3b93651ba4449,Sink: count-sink,2,f5d1db1505f58cd6fe848ac3e8218a24,aa0083b97ffaad66a1e3b93651ba4449,Sink: count-sink,192.168.152.220:37633-d25c2e
taskmanager_job_task_operator_numRecordsIn,1654014845735000000,15724841,192.168.152.220,Word Count,aa0083b97ffaad66a1e3b93651ba4449,Sink: count-sink,3,b7ce879d3bf2d0c1e5839b5c6a1c84c0,aa0083b97ffaad66a1e3b93651ba4449,Sink: count-sink,192.168.152.220:37633-d25c2e
taskmanager_job_task_operator_numRecordsIn,1654014845735000000,7678271,192.168.152.220,Word Count,7df19f87deec5680128845fd9a6ca18d,sentence-stream,0,5b70aa61ce5797ed45c047c50fd1d68d,cbc357ccb763df2852fee8c4fc7d55f2,Source: Custom Source -> sentence-stream,192.168.152.220:37633-d25c2e
taskmanager_job_task_operator_numRecordsIn,1654014845735000000,62905222,192.168.152.220,Word Count,1a936cb48657826a536f331e9fb33b5e,word-count,0,36b2fb04cee320844dec1532b8e8e8bb,1a936cb48657826a536f331e9fb33b5e,word-count,192.168.152.220:37633-d25c2e
taskmanager_job_task_operator_numRecordsIn,1654014845735000000,0,192.168.152.220,Word Count,cbc357ccb763df2852fee8c4fc7d55f2,Source: Custom Source,0,5b70aa61ce5797ed45c047c50fd1d68d,cbc357ccb763df2852fee8c4fc7d55f2,Source: Custom Source -> sentence-stream,192.168.152.220:37633-d25c2e
taskmanager_job_task_operator_numRecordsIn,1654014845735000000,7672597,192.168.152.220,Word Count,9dd63673dd41ea021b896d5203f3ba7c,word-splitter,0,5e9f1c11223ade4f95d37c6516ff9da6,9dd63673dd41ea021b896d5203f3ba7c,word-splitter,192.168.152.220:37633-d25c2e
taskmanager_job_task_operator_numRecordsIn,1654014845735000000,15725639,192.168.152.220,Word Count,aa0083b97ffaad66a1e3b93651ba4449,Sink: count-sink,0,6ec54a99d3f3184e7a0384926f34f7fa,aa0083b97ffaad66a1e3b93651ba4449,Sink: count-sink,192.168.152.220:37633-d25c2e
taskmanager_job_task_operator_numRecordsIn,1654014845735000000,15724816,192.168.152.220,Word Count,aa0083b97ffaad66a1e3b93651ba4449,Sink: count-sink,1,66ef5dfe533961744a2a30a1e156f437,aa0083b97ffaad66a1e3b93651ba4449,Sink: count-sink,192.168.152.220:37633-d25c2e
taskmanager_job_task_operator_numRecordsIn,1654014860775000000,17228741,192.168.152.220,Word Count,aa0083b97ffaad66a1e3b93651ba4449,Sink: count-sink,0,6ec54a99d3f3184e7a0384926f34f7fa,aa0083b97ffaad66a1e3b93651ba4449,Sink: count-sink,192.168.152.220:37633-d25c2e
taskmanager_job_task_operator_numRecordsIn,1654014860775000000,17228690,192.168.152.220,Word Count,aa0083b97ffaad66a1e3b93651ba4449,Sink: count-sink,1,66ef5dfe533961744a2a30a1e156f437,aa0083b97ffaad66a1e3b93651ba4449,Sink: count-sink,192.168.152.220:37633-d25c2e
taskmanager_job_task_operator_numRecordsIn,1654014860775000000,8411420,192.168.152.220,Word Count,7df19f87deec5680128845fd9a6ca18d,sentence-stream,0,5b70aa61ce5797ed45c047c50fd1d68d,cbc357ccb763df2852fee8c4fc7d55f2,Source: Custom Source -> sentence-stream,192.168.152.220:37633-d25c2e
taskmanager_job_task_operator_numRecordsIn,1654014860775000000,17220781,192.168.152.220,Word Count,aa0083b97ffaad66a1e3b93651ba4449,Sink: count-sink,2,f5d1db1505f58cd6fe848ac3e8218a24,aa0083b97ffaad66a1e3b93651ba4449,Sink: count-sink,192.168.152.220:37633-d25c2e
taskmanager_job_task_operator_numRecordsIn,1654014860775000000,17228695,192.168.152.220,Word Count,aa0083b97ffaad66a1e3b93651ba4449,Sink: count-sink,3,b7ce879d3bf2d0c1e5839b5c6a1c84c0,aa0083b97ffaad66a1e3b93651ba4449,Sink: count-sink,192.168.152.220:37633-d25c2e
taskmanager_job_task_operator_numRecordsIn,1654014860775000000,8406041,192.168.152.220,Word Count,9dd63673dd41ea021b896d5203f3ba7c,word-splitter,0,5e9f1c11223ade4f95d37c6516ff9da6,9dd63673dd41ea021b896d5203f3ba7c,word-splitter,192.168.152.220:37633-d25c2e
taskmanager_job_task_operator_numRecordsIn,1654014860775000000,68920088,192.168.152.220,Word Count,1a936cb48657826a536f331e9fb33b5e,word-count,0,36b2fb04cee320844dec1532b8e8e8bb,1a936cb48657826a536f331e9fb33b5e,word-count,192.168.152.220:37633-d25c2e
taskmanager_job_task_operator_numRecordsIn,1654014860775000000,0,192.168.152.220,Word Count,cbc357ccb763df2852fee8c4fc7d55f2,Source: Custom Source,0,5b70aa61ce5797ed45c047c50fd1d68d,cbc357ccb763df2852fee8c4fc7d55f2,Source: Custom Source -> sentence-stream,192.168.152.220:37633-d25c2e
taskmanager_job_task_operator_numRecordsIn,1654014875806000000,74917890,192.168.152.220,Word Count,1a936cb48657826a536f331e9fb33b5e,word-count,0,36b2fb04cee320844dec1532b8e8e8bb,1a936cb48657826a536f331e9fb33b5e,word-count,192.168.152.220:37633-d25c2e
taskmanager_job_task_operator_numRecordsIn,1654014875806000000,0,192.168.152.220,Word Count,cbc357ccb763df2852fee8c4fc7d55f2,Source: Custom Source,0,5b70aa61ce5797ed45c047c50fd1d68d,cbc357ccb763df2852fee8c4fc7d55f2,Source: Custom Source -> sentence-stream,192.168.152.220:37633-d25c2e
taskmanager_job_task_operator_numRecordsIn,1654014875806000000,9142822,192.168.152.220,Word Count,7df19f87deec5680128845fd9a6ca18d,sentence-stream,0,5b70aa61ce5797ed45c047c50fd1d68d,cbc357ccb763df2852fee8c4fc7d55f2,Source: Custom Source -> sentence-stream,192.168.152.220:37633-d25c2e
taskmanager_job_task_operator_numRecordsIn,1654014875806000000,18726208,192.168.152.220,Word Count,aa0083b97ffaad66a1e3b93651ba4449,Sink: count-sink,0,6ec54a99d3f3184e7a0384926f34f7fa,aa0083b97ffaad66a1e3b93651ba4449,Sink: count-sink,192.168.152.220:37633-d25c2e
taskmanager_job_task_operator_numRecordsIn,1654014875806000000,18728150,192.168.152.220,Word Count,aa0083b97ffaad66a1e3b93651ba4449,Sink: count-sink,1,66ef5dfe533961744a2a30a1e156f437,aa0083b97ffaad66a1e3b93651ba4449,Sink: count-sink,192.168.152.220:37633-d25c2e
taskmanager_job_task_operator_numRecordsIn,1654014875806000000,9137443,192.168.152.220,Word Count,9dd63673dd41ea021b896d5203f3ba7c,word-splitter,0,5e9f1c11223ade4f95d37c6516ff9da6,9dd63673dd41ea021b896d5203f3ba7c,word-splitter,192.168.152.220:37633-d25c2e
taskmanager_job_task_operator_numRecordsIn,1654014875806000000,18724759,192.168.152.220,Word Count,aa0083b97ffaad66a1e3b93651ba4449,Sink: count-sink,2,f5d1db1505f58cd6fe848ac3e8218a24,aa0083b97ffaad66a1e3b93651ba4449,Sink: count-sink,192.168.152.220:37633-d25c2e
taskmanager_job_task_operator_numRecordsIn,1654014875806000000,18725852,192.168.152.220,Word Count,aa0083b97ffaad66a1e3b93651ba4449,Sink: count-sink,3,b7ce879d3bf2d0c1e5839b5c6a1c84c0,aa0083b97ffaad66a1e3b93651ba4449,Sink: count-sink,192.168.152.220:37633-d25c2e
taskmanager_job_task_operator_numRecordsIn,1654014890854000000,20231822,192.168.152.220,Word Count,aa0083b97ffaad66a1e3b93651ba4449,Sink: count-sink,2,f5d1db1505f58cd6fe848ac3e8218a24,aa0083b97ffaad66a1e3b93651ba4449,Sink: count-sink,192.168.152.220:37633-d25c2e
taskmanager_job_task_operator_numRecordsIn,1654014890854000000,20226701,192.168.152.220,Word Count,aa0083b97ffaad66a1e3b93651ba4449,Sink: count-sink,3,b7ce879d3bf2d0c1e5839b5c6a1c84c0,aa0083b97ffaad66a1e3b93651ba4449,Sink: count-sink,192.168.152.220:37633-d25c2e
taskmanager_job_task_operator_numRecordsIn,1654014890854000000,9876553,192.168.152.220,Word Count,7df19f87deec5680128845fd9a6ca18d,sentence-stream,0,5b70aa61ce5797ed45c047c50fd1d68d,cbc357ccb763df2852fee8c4fc7d55f2,Source: Custom Source -> sentence-stream,192.168.152.220:37633-d25c2e
taskmanager_job_task_operator_numRecordsIn,1654014890854000000,80930996,192.168.152.220,Word Count,1a936cb48657826a536f331e9fb33b5e,word-count,0,36b2fb04cee320844dec1532b8e8e8bb,1a936cb48657826a536f331e9fb33b5e,word-count,192.168.152.220:37633-d25c2e
taskmanager_job_task_operator_numRecordsIn,1654014890854000000,0,192.168.152.220,Word Count,cbc357ccb763df2852fee8c4fc7d55f2,Source: Custom Source,0,5b70aa61ce5797ed45c047c50fd1d68d,cbc357ccb763df2852fee8c4fc7d55f2,Source: Custom Source -> sentence-stream,192.168.152.220:37633-d25c2e
taskmanager_job_task_operator_numRecordsIn,1654014890854000000,9870760,192.168.152.220,Word Count,9dd63673dd41ea021b896d5203f3ba7c,word-splitter,0,5e9f1c11223ade4f95d37c6516ff9da6,9dd63673dd41ea021b896d5203f3ba7c,word-splitter,192.168.152.220:37633-d25c2e
taskmanager_job_task_operator_numRecordsIn,1654014890854000000,20228533,192.168.152.220,Word Count,aa0083b97ffaad66a1e3b93651ba4449,Sink: count-sink,0,6ec54a99d3f3184e7a0384926f34f7fa,aa0083b97ffaad66a1e3b93651ba4449,Sink: count-sink,192.168.152.220:37633-d25c2e
taskmanager_job_task_operator_numRecordsIn,1654014890854000000,20231814,192.168.152.220,Word Count,aa0083b97ffaad66a1e3b93651ba4449,Sink: count-sink,1,66ef5dfe533961744a2a30a1e156f437,aa0083b97ffaad66a1e3b93651ba4449,Sink: count-sink,192.168.152.220:37633-d25c2e
taskmanager_job_task_operator_numRecordsIn,1654014905894000000,21726706,192.168.152.220,Word Count,aa0083b97ffaad66a1e3b93651ba4449,Sink: count-sink,0,6ec54a99d3f3184e7a0384926f34f7fa,aa0083b97ffaad66a1e3b93651ba4449,Sink: count-sink,192.168.152.220:37633-d25c2e
taskmanager_job_task_operator_numRecordsIn,1654014905894000000,21726882,192.168.152.220,Word Count,aa0083b97ffaad66a1e3b93651ba4449,Sink: count-sink,1,66ef5dfe533961744a2a30a1e156f437,aa0083b97ffaad66a1e3b93651ba4449,Sink: count-sink,192.168.152.220:37633-d25c2e
taskmanager_job_task_operator_numRecordsIn,1654014905894000000,10605628,192.168.152.220,Word Count,7df19f87deec5680128845fd9a6ca18d,sentence-stream,0,5b70aa61ce5797ed45c047c50fd1d68d,cbc357ccb763df2852fee8c4fc7d55f2,Source: Custom Source -> sentence-stream,192.168.152.220:37633-d25c2e
taskmanager_job_task_operator_numRecordsIn,1654014905894000000,21725153,192.168.152.220,Word Count,aa0083b97ffaad66a1e3b93651ba4449,Sink: count-sink,2,f5d1db1505f58cd6fe848ac3e8218a24,aa0083b97ffaad66a1e3b93651ba4449,Sink: count-sink,192.168.152.220:37633-d25c2e
taskmanager_job_task_operator_numRecordsIn,1654014905894000000,21721697,192.168.152.220,Word Count,aa0083b97ffaad66a1e3b93651ba4449,Sink: count-sink,3,b7ce879d3bf2d0c1e5839b5c6a1c84c0,aa0083b97ffaad66a1e3b93651ba4449,Sink: count-sink,192.168.152.220:37633-d25c2e
taskmanager_job_task_operator_numRecordsIn,1654014905894000000,10600226,192.168.152.220,Word Count,9dd63673dd41ea021b896d5203f3ba7c,word-splitter,0,5e9f1c11223ade4f95d37c6516ff9da6,9dd63673dd41ea021b896d5203f3ba7c,word-splitter,192.168.152.220:37633-d25c2e
taskmanager_job_task_operator_numRecordsIn,1654014905894000000,86912519,192.168.152.220,Word Count,1a936cb48657826a536f331e9fb33b5e,word-count,0,36b2fb04cee320844dec1532b8e8e8bb,1a936cb48657826a536f331e9fb33b5e,word-count,192.168.152.220:37633-d25c2e
taskmanager_job_task_operator_numRecordsIn,1654014905894000000,0,192.168.152.220,Word Count,cbc357ccb763df2852fee8c4fc7d55f2,Source: Custom Source,0,5b70aa61ce5797ed45c047c50fd1d68d,cbc357ccb763df2852fee8c4fc7d55f2,Source: Custom Source -> sentence-stream,192.168.152.220:37633-d25c2e
taskmanager_job_task_operator_numRecordsIn,1654014920942000000,92894041,192.168.152.220,Word Count,1a936cb48657826a536f331e9fb33b5e,word-count,0,36b2fb04cee320844dec1532b8e8e8bb,1a936cb48657826a536f331e9fb33b5e,word-count,192.168.152.220:37633-d25c2e
taskmanager_job_task_operator_numRecordsIn,1654014920942000000,0,192.168.152.220,Word Count,cbc357ccb763df2852fee8c4fc7d55f2,Source: Custom Source,0,5b70aa61ce5797ed45c047c50fd1d68d,cbc357ccb763df2852fee8c4fc7d55f2,Source: Custom Source -> sentence-stream,192.168.152.220:37633-d25c2e
taskmanager_job_task_operator_numRecordsIn,1654014920942000000,11335285,192.168.152.220,Word Count,7df19f87deec5680128845fd9a6ca18d,sentence-stream,0,5b70aa61ce5797ed45c047c50fd1d68d,cbc357ccb763df2852fee8c4fc7d55f2,Source: Custom Source -> sentence-stream,192.168.152.220:37633-d25c2e
taskmanager_job_task_operator_numRecordsIn,1654014920942000000,23222151,192.168.152.220,Word Count,aa0083b97ffaad66a1e3b93651ba4449,Sink: count-sink,0,6ec54a99d3f3184e7a0384926f34f7fa,aa0083b97ffaad66a1e3b93651ba4449,Sink: count-sink,192.168.152.220:37633-d25c2e
taskmanager_job_task_operator_numRecordsIn,1654014920942000000,23221755,192.168.152.220,Word Count,aa0083b97ffaad66a1e3b93651ba4449,Sink: count-sink,1,66ef5dfe533961744a2a30a1e156f437,aa0083b97ffaad66a1e3b93651ba4449,Sink: count-sink,192.168.152.220:37633-d25c2e
taskmanager_job_task_operator_numRecordsIn,1654014920942000000,11329692,192.168.152.220,Word Count,9dd63673dd41ea021b896d5203f3ba7c,word-splitter,0,5e9f1c11223ade4f95d37c6516ff9da6,9dd63673dd41ea021b896d5203f3ba7c,word-splitter,192.168.152.220:37633-d25c2e
taskmanager_job_task_operator_numRecordsIn,1654014920942000000,23221685,192.168.152.220,Word Count,aa0083b97ffaad66a1e3b93651ba4449,Sink: count-sink,2,f5d1db1505f58cd6fe848ac3e8218a24,aa0083b97ffaad66a1e3b93651ba4449,Sink: count-sink,192.168.152.220:37633-d25c2e
taskmanager_job_task_operator_numRecordsIn,1654014920942000000,23213876,192.168.152.220,Word Count,aa0083b97ffaad66a1e3b93651ba4449,Sink: count-sink,3,b7ce879d3bf2d0c1e5839b5c6a1c84c0,aa0083b97ffaad66a1e3b93651ba4449,Sink: count-sink,192.168.152.220:37633-d25c2e
taskmanager_job_task_operator_numRecordsIn,1654014936031000000,24727989,192.168.152.220,Word Count,aa0083b97ffaad66a1e3b93651ba4449,Sink: count-sink,2,f5d1db1505f58cd6fe848ac3e8218a24,aa0083b97ffaad66a1e3b93651ba4449,Sink: count-sink,192.168.152.220:37633-d25c2e
taskmanager_job_task_operator_numRecordsIn,1654014936031000000,24722605,192.168.152.220,Word Count,aa0083b97ffaad66a1e3b93651ba4449,Sink: count-sink,3,b7ce879d3bf2d0c1e5839b5c6a1c84c0,aa0083b97ffaad66a1e3b93651ba4449,Sink: count-sink,192.168.152.220:37633-d25c2e
taskmanager_job_task_operator_numRecordsIn,1654014936031000000,12069597,192.168.152.220,Word Count,7df19f87deec5680128845fd9a6ca18d,sentence-stream,0,5b70aa61ce5797ed45c047c50fd1d68d,cbc357ccb763df2852fee8c4fc7d55f2,Source: Custom Source -> sentence-stream,192.168.152.220:37633-d25c2e
taskmanager_job_task_operator_numRecordsIn,1654014936031000000,98916170,192.168.152.220,Word Count,1a936cb48657826a536f331e9fb33b5e,word-count,0,36b2fb04cee320844dec1532b8e8e8bb,1a936cb48657826a536f331e9fb33b5e,word-count,192.168.152.220:37633-d25c2e
taskmanager_job_task_operator_numRecordsIn,1654014936031000000,0,192.168.152.220,Word Count,cbc357ccb763df2852fee8c4fc7d55f2,Source: Custom Source,0,5b70aa61ce5797ed45c047c50fd1d68d,cbc357ccb763df2852fee8c4fc7d55f2,Source: Custom Source -> sentence-stream,192.168.152.220:37633-d25c2e
taskmanager_job_task_operator_numRecordsIn,1654014936031000000,12064110,192.168.152.220,Word Count,9dd63673dd41ea021b896d5203f3ba7c,word-splitter,0,5e9f1c11223ade4f95d37c6516ff9da6,9dd63673dd41ea021b896d5203f3ba7c,word-splitter,192.168.152.220:37633-d25c2e
taskmanager_job_task_operator_numRecordsIn,1654014936031000000,24725095,192.168.152.220,Word Count,aa0083b97ffaad66a1e3b93651ba4449,Sink: count-sink,0,6ec54a99d3f3184e7a0384926f34f7fa,aa0083b97ffaad66a1e3b93651ba4449,Sink: count-sink,192.168.152.220:37633-d25c2e
taskmanager_job_task_operator_numRecordsIn,1654014936031000000,24727980,192.168.152.220,Word Count,aa0083b97ffaad66a1e3b93651ba4449,Sink: count-sink,1,66ef5dfe533961744a2a30a1e156f437,aa0083b97ffaad66a1e3b93651ba4449,Sink: count-sink,192.168.152.220:37633-d25c2e
taskmanager_job_task_operator_numRecordsIn,1654014951455000000,26255897,192.168.152.220,Word Count,aa0083b97ffaad66a1e3b93651ba4449,Sink: count-sink,0,6ec54a99d3f3184e7a0384926f34f7fa,aa0083b97ffaad66a1e3b93651ba4449,Sink: count-sink,192.168.152.220:37633-d25c2e
taskmanager_job_task_operator_numRecordsIn,1654014951455000000,26258731,192.168.152.220,Word Count,aa0083b97ffaad66a1e3b93651ba4449,Sink: count-sink,1,66ef5dfe533961744a2a30a1e156f437,aa0083b97ffaad66a1e3b93651ba4449,Sink: count-sink,192.168.152.220:37633-d25c2e
taskmanager_job_task_operator_numRecordsIn,1654014951455000000,12817292,192.168.152.220,Word Count,7df19f87deec5680128845fd9a6ca18d,sentence-stream,0,5b70aa61ce5797ed45c047c50fd1d68d,cbc357ccb763df2852fee8c4fc7d55f2,Source: Custom Source -> sentence-stream,192.168.152.220:37633-d25c2e
taskmanager_job_task_operator_numRecordsIn,1654014951455000000,26260850,192.168.152.220,Word Count,aa0083b97ffaad66a1e3b93651ba4449,Sink: count-sink,2,f5d1db1505f58cd6fe848ac3e8218a24,aa0083b97ffaad66a1e3b93651ba4449,Sink: count-sink,192.168.152.220:37633-d25c2e
taskmanager_job_task_operator_numRecordsIn,1654014951455000000,26259945,192.168.152.220,Word Count,aa0083b97ffaad66a1e3b93651ba4449,Sink: count-sink,3,b7ce879d3bf2d0c1e5839b5c6a1c84c0,aa0083b97ffaad66a1e3b93651ba4449,Sink: count-sink,192.168.152.220:37633-d25c2e
taskmanager_job_task_operator_numRecordsIn,1654014951455000000,12811730,192.168.152.220,Word Count,9dd63673dd41ea021b896d5203f3ba7c,word-splitter,0,5e9f1c11223ade4f95d37c6516ff9da6,9dd63673dd41ea021b896d5203f3ba7c,word-splitter,192.168.152.220:37633-d25c2e
taskmanager_job_task_operator_numRecordsIn,1654014951455000000,105046554,192.168.152.220,Word Count,1a936cb48657826a536f331e9fb33b5e,word-count,0,36b2fb04cee320844dec1532b8e8e8bb,1a936cb48657826a536f331e9fb33b5e,word-count,192.168.152.220:37633-d25c2e
taskmanager_job_task_operator_numRecordsIn,1654014951455000000,0,192.168.152.220,Word Count,cbc357ccb763df2852fee8c4fc7d55f2,Source: Custom Source,0,5b70aa61ce5797ed45c047c50fd1d68d,cbc357ccb763df2852fee8c4fc7d55f2,Source: Custom Source -> sentence-stream,192.168.152.220:37633-d25c2e
taskmanager_job_task_operator_numRecordsIn,1654014966494000000,111032581,192.168.152.220,Word Count,1a936cb48657826a536f331e9fb33b5e,word-count,0,36b2fb04cee320844dec1532b8e8e8bb,1a936cb48657826a536f331e9fb33b5e,word-count,192.168.152.220:37633-d25c2e
taskmanager_job_task_operator_numRecordsIn,1654014966494000000,0,192.168.152.220,Word Count,cbc357ccb763df2852fee8c4fc7d55f2,Source: Custom Source,0,5b70aa61ce5797ed45c047c50fd1d68d,cbc357ccb763df2852fee8c4fc7d55f2,Source: Custom Source -> sentence-stream,192.168.152.220:37633-d25c2e
taskmanager_job_task_operator_numRecordsIn,1654014966494000000,27756870,192.168.152.220,Word Count,aa0083b97ffaad66a1e3b93651ba4449,Sink: count-sink,3,b7ce879d3bf2d0c1e5839b5c6a1c84c0,aa0083b97ffaad66a1e3b93651ba4449,Sink: count-sink,192.168.152.220:37633-d25c2e
taskmanager_job_task_operator_numRecordsIn,1654014966494000000,27756877,192.168.152.220,Word Count,aa0083b97ffaad66a1e3b93651ba4449,Sink: count-sink,2,f5d1db1505f58cd6fe848ac3e8218a24,aa0083b97ffaad66a1e3b93651ba4449,Sink: count-sink,192.168.152.220:37633-d25c2e
taskmanager_job_task_operator_numRecordsIn,1654014966494000000,27756878,192.168.152.220,Word Count,aa0083b97ffaad66a1e3b93651ba4449,Sink: count-sink,1,66ef5dfe533961744a2a30a1e156f437,aa0083b97ffaad66a1e3b93651ba4449,Sink: count-sink,192.168.152.220:37633-d25c2e
taskmanager_job_task_operator_numRecordsIn,1654014966494000000,27748981,192.168.152.220,Word Count,aa0083b97ffaad66a1e3b93651ba4449,Sink: count-sink,0,6ec54a99d3f3184e7a0384926f34f7fa,aa0083b97ffaad66a1e3b93651ba4449,Sink: count-sink,192.168.152.220:37633-d25c2e
taskmanager_job_task_operator_numRecordsIn,1654014966494000000,13541747,192.168.152.220,Word Count,9dd63673dd41ea021b896d5203f3ba7c,word-splitter,0,5e9f1c11223ade4f95d37c6516ff9da6,9dd63673dd41ea021b896d5203f3ba7c,word-splitter,192.168.152.220:37633-d25c2e
taskmanager_job_task_operator_numRecordsIn,1654014966494000000,13547531,192.168.152.220,Word Count,7df19f87deec5680128845fd9a6ca18d,sentence-stream,0,5b70aa61ce5797ed45c047c50fd1d68d,cbc357ccb763df2852fee8c4fc7d55f2,Source: Custom Source -> sentence-stream,192.168.152.220:37633-d25c2e
