name,time,count,host,job_name,operator_id,operator_name,rate,subtask_index,task_attempt_id,task_id,task_name,tm_id
taskmanager_job_task_operator_numRecordsOutPerSecond,1654010980853000000,3324055,192.168.152.220,Word Count,1a936cb48657826a536f331e9fb33b5e,word-count,44282.166666666664,0,9faa8c8a65dca9984c0b0cbeb5580c62,1a936cb48657826a536f331e9fb33b5e,word-count,192.168.152.220:38389-462450
taskmanager_job_task_operator_numRecordsOutPerSecond,1654010980853000000,411957,192.168.152.220,Word Count,cbc357ccb763df2852fee8c4fc7d55f2,Source: Custom Source,5508.266666666666,0,8fe56f8713fa2f3c8f285b745f66726e,cbc357ccb763df2852fee8c4fc7d55f2,Source: Custom Source -> sentence-stream,192.168.152.220:38389-462450
taskmanager_job_task_operator_numRecordsOutPerSecond,1654010980853000000,411957,192.168.152.220,Word Count,7df19f87deec5680128845fd9a6ca18d,sentence-stream,5508.266666666666,0,8fe56f8713fa2f3c8f285b745f66726e,cbc357ccb763df2852fee8c4fc7d55f2,Source: Custom Source -> sentence-stream,192.168.152.220:38389-462450
taskmanager_job_task_operator_numRecordsOutPerSecond,1654010980853000000,0,192.168.152.220,Word Count,aa0083b97ffaad66a1e3b93651ba4449,Sink: count-sink,0,0,abe41baad8e59688908c0844db9ed246,aa0083b97ffaad66a1e3b93651ba4449,Sink: count-sink,192.168.152.220:38389-462450
taskmanager_job_task_operator_numRecordsOutPerSecond,1654010980853000000,0,192.168.152.220,Word Count,aa0083b97ffaad66a1e3b93651ba4449,Sink: count-sink,0,1,f358d5662dcf0d70d6718f88463a1f79,aa0083b97ffaad66a1e3b93651ba4449,Sink: count-sink,192.168.152.220:38389-462450
taskmanager_job_task_operator_numRecordsOutPerSecond,1654010980853000000,3333644,192.168.152.220,Word Count,9dd63673dd41ea021b896d5203f3ba7c,word-splitter,44433.666666666664,0,53494c3cf3120227201b47007c976c72,9dd63673dd41ea021b896d5203f3ba7c,word-splitter,192.168.152.220:38389-462450
taskmanager_job_task_operator_numRecordsOutPerSecond,1654010980853000000,0,192.168.152.220,Word Count,aa0083b97ffaad66a1e3b93651ba4449,Sink: count-sink,0,2,5de01e49a28c1343f94b0ec65653eec0,aa0083b97ffaad66a1e3b93651ba4449,Sink: count-sink,192.168.152.220:38389-462450
taskmanager_job_task_operator_numRecordsOutPerSecond,1654010980853000000,0,192.168.152.220,Word Count,aa0083b97ffaad66a1e3b93651ba4449,Sink: count-sink,0,3,7aad3c3ad117b59ffb3c7ea525f0799e,aa0083b97ffaad66a1e3b93651ba4449,Sink: count-sink,192.168.152.220:38389-462450
taskmanager_job_task_operator_numRecordsOutPerSecond,1654010996159000000,0,192.168.152.220,Word Count,aa0083b97ffaad66a1e3b93651ba4449,Sink: count-sink,0,2,5de01e49a28c1343f94b0ec65653eec0,aa0083b97ffaad66a1e3b93651ba4449,Sink: count-sink,192.168.152.220:38389-462450
taskmanager_job_task_operator_numRecordsOutPerSecond,1654010996159000000,0,192.168.152.220,Word Count,aa0083b97ffaad66a1e3b93651ba4449,Sink: count-sink,0,3,7aad3c3ad117b59ffb3c7ea525f0799e,aa0083b97ffaad66a1e3b93651ba4449,Sink: count-sink,192.168.152.220:38389-462450
taskmanager_job_task_operator_numRecordsOutPerSecond,1654010996159000000,1028147,192.168.152.220,Word Count,7df19f87deec5680128845fd9a6ca18d,sentence-stream,15390.2,0,8fe56f8713fa2f3c8f285b745f66726e,cbc357ccb763df2852fee8c4fc7d55f2,Source: Custom Source -> sentence-stream,192.168.152.220:38389-462450
taskmanager_job_task_operator_numRecordsOutPerSecond,1654010996159000000,8374711,192.168.152.220,Word Count,1a936cb48657826a536f331e9fb33b5e,word-count,125287.81666666667,0,9faa8c8a65dca9984c0b0cbeb5580c62,1a936cb48657826a536f331e9fb33b5e,word-count,192.168.152.220:38389-462450
taskmanager_job_task_operator_numRecordsOutPerSecond,1654010996159000000,1028147,192.168.152.220,Word Count,cbc357ccb763df2852fee8c4fc7d55f2,Source: Custom Source,15390.2,0,8fe56f8713fa2f3c8f285b745f66726e,cbc357ccb763df2852fee8c4fc7d55f2,Source: Custom Source -> sentence-stream,192.168.152.220:38389-462450
taskmanager_job_task_operator_numRecordsOutPerSecond,1654010996159000000,8384023,192.168.152.220,Word Count,9dd63673dd41ea021b896d5203f3ba7c,word-splitter,125444.05,0,53494c3cf3120227201b47007c976c72,9dd63673dd41ea021b896d5203f3ba7c,word-splitter,192.168.152.220:38389-462450
taskmanager_job_task_operator_numRecordsOutPerSecond,1654010996159000000,0,192.168.152.220,Word Count,aa0083b97ffaad66a1e3b93651ba4449,Sink: count-sink,0,0,abe41baad8e59688908c0844db9ed246,aa0083b97ffaad66a1e3b93651ba4449,Sink: count-sink,192.168.152.220:38389-462450
taskmanager_job_task_operator_numRecordsOutPerSecond,1654010996159000000,0,192.168.152.220,Word Count,aa0083b97ffaad66a1e3b93651ba4449,Sink: count-sink,0,1,f358d5662dcf0d70d6718f88463a1f79,aa0083b97ffaad66a1e3b93651ba4449,Sink: count-sink,192.168.152.220:38389-462450
taskmanager_job_task_operator_numRecordsOutPerSecond,1654011011211000000,0,192.168.152.220,Word Count,aa0083b97ffaad66a1e3b93651ba4449,Sink: count-sink,0,0,abe41baad8e59688908c0844db9ed246,aa0083b97ffaad66a1e3b93651ba4449,Sink: count-sink,192.168.152.220:38389-462450
taskmanager_job_task_operator_numRecordsOutPerSecond,1654011011211000000,0,192.168.152.220,Word Count,aa0083b97ffaad66a1e3b93651ba4449,Sink: count-sink,0,1,f358d5662dcf0d70d6718f88463a1f79,aa0083b97ffaad66a1e3b93651ba4449,Sink: count-sink,192.168.152.220:38389-462450
taskmanager_job_task_operator_numRecordsOutPerSecond,1654011011211000000,1667032,192.168.152.220,Word Count,7df19f87deec5680128845fd9a6ca18d,sentence-stream,26028.583333333332,0,8fe56f8713fa2f3c8f285b745f66726e,cbc357ccb763df2852fee8c4fc7d55f2,Source: Custom Source -> sentence-stream,192.168.152.220:38389-462450
taskmanager_job_task_operator_numRecordsOutPerSecond,1654011011211000000,0,192.168.152.220,Word Count,aa0083b97ffaad66a1e3b93651ba4449,Sink: count-sink,0,2,5de01e49a28c1343f94b0ec65653eec0,aa0083b97ffaad66a1e3b93651ba4449,Sink: count-sink,192.168.152.220:38389-462450
taskmanager_job_task_operator_numRecordsOutPerSecond,1654011011211000000,0,192.168.152.220,Word Count,aa0083b97ffaad66a1e3b93651ba4449,Sink: count-sink,0,3,7aad3c3ad117b59ffb3c7ea525f0799e,aa0083b97ffaad66a1e3b93651ba4449,Sink: count-sink,192.168.152.220:38389-462450
taskmanager_job_task_operator_numRecordsOutPerSecond,1654011011211000000,13626675,192.168.152.220,Word Count,9dd63673dd41ea021b896d5203f3ba7c,word-splitter,212694.81666666668,0,53494c3cf3120227201b47007c976c72,9dd63673dd41ea021b896d5203f3ba7c,word-splitter,192.168.152.220:38389-462450
taskmanager_job_task_operator_numRecordsOutPerSecond,1654011011211000000,13617289,192.168.152.220,Word Count,1a936cb48657826a536f331e9fb33b5e,word-count,212540.01666666666,0,9faa8c8a65dca9984c0b0cbeb5580c62,1a936cb48657826a536f331e9fb33b5e,word-count,192.168.152.220:38389-462450
taskmanager_job_task_operator_numRecordsOutPerSecond,1654011011211000000,1667032,192.168.152.220,Word Count,cbc357ccb763df2852fee8c4fc7d55f2,Source: Custom Source,26028.583333333332,0,8fe56f8713fa2f3c8f285b745f66726e,cbc357ccb763df2852fee8c4fc7d55f2,Source: Custom Source -> sentence-stream,192.168.152.220:38389-462450
taskmanager_job_task_operator_numRecordsOutPerSecond,1654011026259000000,18892362,192.168.152.220,Word Count,1a936cb48657826a536f331e9fb33b5e,word-count,299778.4166666667,0,9faa8c8a65dca9984c0b0cbeb5580c62,1a936cb48657826a536f331e9fb33b5e,word-count,192.168.152.220:38389-462450
taskmanager_job_task_operator_numRecordsOutPerSecond,1654011026259000000,2310571,192.168.152.220,Word Count,cbc357ccb763df2852fee8c4fc7d55f2,Source: Custom Source,36666.95,0,8fe56f8713fa2f3c8f285b745f66726e,cbc357ccb763df2852fee8c4fc7d55f2,Source: Custom Source -> sentence-stream,192.168.152.220:38389-462450
taskmanager_job_task_operator_numRecordsOutPerSecond,1654011026259000000,2310571,192.168.152.220,Word Count,7df19f87deec5680128845fd9a6ca18d,sentence-stream,36666.95,0,8fe56f8713fa2f3c8f285b745f66726e,cbc357ccb763df2852fee8c4fc7d55f2,Source: Custom Source -> sentence-stream,192.168.152.220:38389-462450
taskmanager_job_task_operator_numRecordsOutPerSecond,1654011026259000000,0,192.168.152.220,Word Count,aa0083b97ffaad66a1e3b93651ba4449,Sink: count-sink,0,0,abe41baad8e59688908c0844db9ed246,aa0083b97ffaad66a1e3b93651ba4449,Sink: count-sink,192.168.152.220:38389-462450
taskmanager_job_task_operator_numRecordsOutPerSecond,1654011026259000000,0,192.168.152.220,Word Count,aa0083b97ffaad66a1e3b93651ba4449,Sink: count-sink,0,1,f358d5662dcf0d70d6718f88463a1f79,aa0083b97ffaad66a1e3b93651ba4449,Sink: count-sink,192.168.152.220:38389-462450
taskmanager_job_task_operator_numRecordsOutPerSecond,1654011026259000000,18902294,192.168.152.220,Word Count,9dd63673dd41ea021b896d5203f3ba7c,word-splitter,299932.8,0,53494c3cf3120227201b47007c976c72,9dd63673dd41ea021b896d5203f3ba7c,word-splitter,192.168.152.220:38389-462450
taskmanager_job_task_operator_numRecordsOutPerSecond,1654011026259000000,0,192.168.152.220,Word Count,aa0083b97ffaad66a1e3b93651ba4449,Sink: count-sink,0,2,5de01e49a28c1343f94b0ec65653eec0,aa0083b97ffaad66a1e3b93651ba4449,Sink: count-sink,192.168.152.220:38389-462450
taskmanager_job_task_operator_numRecordsOutPerSecond,1654011026259000000,0,192.168.152.220,Word Count,aa0083b97ffaad66a1e3b93651ba4449,Sink: count-sink,0,3,7aad3c3ad117b59ffb3c7ea525f0799e,aa0083b97ffaad66a1e3b93651ba4449,Sink: count-sink,192.168.152.220:38389-462450
taskmanager_job_task_operator_numRecordsOutPerSecond,1654011041607000000,0,192.168.152.220,Word Count,aa0083b97ffaad66a1e3b93651ba4449,Sink: count-sink,0,2,5de01e49a28c1343f94b0ec65653eec0,aa0083b97ffaad66a1e3b93651ba4449,Sink: count-sink,192.168.152.220:38389-462450
taskmanager_job_task_operator_numRecordsOutPerSecond,1654011041607000000,0,192.168.152.220,Word Count,aa0083b97ffaad66a1e3b93651ba4449,Sink: count-sink,0,3,7aad3c3ad117b59ffb3c7ea525f0799e,aa0083b97ffaad66a1e3b93651ba4449,Sink: count-sink,192.168.152.220:38389-462450
taskmanager_job_task_operator_numRecordsOutPerSecond,1654011041607000000,2965748,192.168.152.220,Word Count,7df19f87deec5680128845fd9a6ca18d,sentence-stream,41864.95,0,8fe56f8713fa2f3c8f285b745f66726e,cbc357ccb763df2852fee8c4fc7d55f2,Source: Custom Source -> sentence-stream,192.168.152.220:38389-462450
taskmanager_job_task_operator_numRecordsOutPerSecond,1654011041607000000,24264326,192.168.152.220,Word Count,1a936cb48657826a536f331e9fb33b5e,word-count,343282.38333333336,0,9faa8c8a65dca9984c0b0cbeb5580c62,1a936cb48657826a536f331e9fb33b5e,word-count,192.168.152.220:38389-462450
taskmanager_job_task_operator_numRecordsOutPerSecond,1654011041607000000,2965748,192.168.152.220,Word Count,cbc357ccb763df2852fee8c4fc7d55f2,Source: Custom Source,41864.95,0,8fe56f8713fa2f3c8f285b745f66726e,cbc357ccb763df2852fee8c4fc7d55f2,Source: Custom Source -> sentence-stream,192.168.152.220:38389-462450
taskmanager_job_task_operator_numRecordsOutPerSecond,1654011041607000000,24273816,192.168.152.220,Word Count,9dd63673dd41ea021b896d5203f3ba7c,word-splitter,343288.88333333336,0,53494c3cf3120227201b47007c976c72,9dd63673dd41ea021b896d5203f3ba7c,word-splitter,192.168.152.220:38389-462450
taskmanager_job_task_operator_numRecordsOutPerSecond,1654011041607000000,0,192.168.152.220,Word Count,aa0083b97ffaad66a1e3b93651ba4449,Sink: count-sink,0,0,abe41baad8e59688908c0844db9ed246,aa0083b97ffaad66a1e3b93651ba4449,Sink: count-sink,192.168.152.220:38389-462450
taskmanager_job_task_operator_numRecordsOutPerSecond,1654011041607000000,0,192.168.152.220,Word Count,aa0083b97ffaad66a1e3b93651ba4449,Sink: count-sink,0,1,f358d5662dcf0d70d6718f88463a1f79,aa0083b97ffaad66a1e3b93651ba4449,Sink: count-sink,192.168.152.220:38389-462450
taskmanager_job_task_operator_numRecordsOutPerSecond,1654011056722000000,0,192.168.152.220,Word Count,aa0083b97ffaad66a1e3b93651ba4449,Sink: count-sink,0,0,abe41baad8e59688908c0844db9ed246,aa0083b97ffaad66a1e3b93651ba4449,Sink: count-sink,192.168.152.220:38389-462450
taskmanager_job_task_operator_numRecordsOutPerSecond,1654011056722000000,0,192.168.152.220,Word Count,aa0083b97ffaad66a1e3b93651ba4449,Sink: count-sink,0,1,f358d5662dcf0d70d6718f88463a1f79,aa0083b97ffaad66a1e3b93651ba4449,Sink: count-sink,192.168.152.220:38389-462450
taskmanager_job_task_operator_numRecordsOutPerSecond,1654011056722000000,3615688,192.168.152.220,Word Count,7df19f87deec5680128845fd9a6ca18d,sentence-stream,42737.76666666667,0,8fe56f8713fa2f3c8f285b745f66726e,cbc357ccb763df2852fee8c4fc7d55f2,Source: Custom Source -> sentence-stream,192.168.152.220:38389-462450
taskmanager_job_task_operator_numRecordsOutPerSecond,1654011056722000000,0,192.168.152.220,Word Count,aa0083b97ffaad66a1e3b93651ba4449,Sink: count-sink,0,2,5de01e49a28c1343f94b0ec65653eec0,aa0083b97ffaad66a1e3b93651ba4449,Sink: count-sink,192.168.152.220:38389-462450
taskmanager_job_task_operator_numRecordsOutPerSecond,1654011056722000000,0,192.168.152.220,Word Count,aa0083b97ffaad66a1e3b93651ba4449,Sink: count-sink,0,3,7aad3c3ad117b59ffb3c7ea525f0799e,aa0083b97ffaad66a1e3b93651ba4449,Sink: count-sink,192.168.152.220:38389-462450
taskmanager_job_task_operator_numRecordsOutPerSecond,1654011056722000000,29601343,192.168.152.220,Word Count,9dd63673dd41ea021b896d5203f3ba7c,word-splitter,350468.9166666667,0,53494c3cf3120227201b47007c976c72,9dd63673dd41ea021b896d5203f3ba7c,word-splitter,192.168.152.220:38389-462450
taskmanager_job_task_operator_numRecordsOutPerSecond,1654011056722000000,29591748,192.168.152.220,Word Count,1a936cb48657826a536f331e9fb33b5e,word-count,350465.7,0,9faa8c8a65dca9984c0b0cbeb5580c62,1a936cb48657826a536f331e9fb33b5e,word-count,192.168.152.220:38389-462450
taskmanager_job_task_operator_numRecordsOutPerSecond,1654011056722000000,3615688,192.168.152.220,Word Count,cbc357ccb763df2852fee8c4fc7d55f2,Source: Custom Source,42737.76666666667,0,8fe56f8713fa2f3c8f285b745f66726e,cbc357ccb763df2852fee8c4fc7d55f2,Source: Custom Source -> sentence-stream,192.168.152.220:38389-462450
taskmanager_job_task_operator_numRecordsOutPerSecond,1654011071853000000,34878566,192.168.152.220,Word Count,1a936cb48657826a536f331e9fb33b5e,word-count,350575.36666666664,0,9faa8c8a65dca9984c0b0cbeb5580c62,1a936cb48657826a536f331e9fb33b5e,word-count,192.168.152.220:38389-462450
taskmanager_job_task_operator_numRecordsOutPerSecond,1654011071853000000,4260391,192.168.152.220,Word Count,cbc357ccb763df2852fee8c4fc7d55f2,Source: Custom Source,42757.15,0,8fe56f8713fa2f3c8f285b745f66726e,cbc357ccb763df2852fee8c4fc7d55f2,Source: Custom Source -> sentence-stream,192.168.152.220:38389-462450
taskmanager_job_task_operator_numRecordsOutPerSecond,1654011071853000000,4260391,192.168.152.220,Word Count,7df19f87deec5680128845fd9a6ca18d,sentence-stream,42757.15,0,8fe56f8713fa2f3c8f285b745f66726e,cbc357ccb763df2852fee8c4fc7d55f2,Source: Custom Source -> sentence-stream,192.168.152.220:38389-462450
taskmanager_job_task_operator_numRecordsOutPerSecond,1654011071853000000,0,192.168.152.220,Word Count,aa0083b97ffaad66a1e3b93651ba4449,Sink: count-sink,0,0,abe41baad8e59688908c0844db9ed246,aa0083b97ffaad66a1e3b93651ba4449,Sink: count-sink,192.168.152.220:38389-462450
taskmanager_job_task_operator_numRecordsOutPerSecond,1654011071853000000,0,192.168.152.220,Word Count,aa0083b97ffaad66a1e3b93651ba4449,Sink: count-sink,0,1,f358d5662dcf0d70d6718f88463a1f79,aa0083b97ffaad66a1e3b93651ba4449,Sink: count-sink,192.168.152.220:38389-462450
taskmanager_job_task_operator_numRecordsOutPerSecond,1654011071853000000,34888258,192.168.152.220,Word Count,9dd63673dd41ea021b896d5203f3ba7c,word-splitter,350581.6666666667,0,53494c3cf3120227201b47007c976c72,9dd63673dd41ea021b896d5203f3ba7c,word-splitter,192.168.152.220:38389-462450
taskmanager_job_task_operator_numRecordsOutPerSecond,1654011071853000000,0,192.168.152.220,Word Count,aa0083b97ffaad66a1e3b93651ba4449,Sink: count-sink,0,2,5de01e49a28c1343f94b0ec65653eec0,aa0083b97ffaad66a1e3b93651ba4449,Sink: count-sink,192.168.152.220:38389-462450
taskmanager_job_task_operator_numRecordsOutPerSecond,1654011071853000000,0,192.168.152.220,Word Count,aa0083b97ffaad66a1e3b93651ba4449,Sink: count-sink,0,3,7aad3c3ad117b59ffb3c7ea525f0799e,aa0083b97ffaad66a1e3b93651ba4449,Sink: count-sink,192.168.152.220:38389-462450
taskmanager_job_task_operator_numRecordsOutPerSecond,1654011086976000000,0,192.168.152.220,Word Count,aa0083b97ffaad66a1e3b93651ba4449,Sink: count-sink,0,2,5de01e49a28c1343f94b0ec65653eec0,aa0083b97ffaad66a1e3b93651ba4449,Sink: count-sink,192.168.152.220:38389-462450
taskmanager_job_task_operator_numRecordsOutPerSecond,1654011086976000000,0,192.168.152.220,Word Count,aa0083b97ffaad66a1e3b93651ba4449,Sink: count-sink,0,3,7aad3c3ad117b59ffb3c7ea525f0799e,aa0083b97ffaad66a1e3b93651ba4449,Sink: count-sink,192.168.152.220:38389-462450
taskmanager_job_task_operator_numRecordsOutPerSecond,1654011086976000000,4896366,192.168.152.220,Word Count,7df19f87deec5680128845fd9a6ca18d,sentence-stream,42660.183333333334,0,8fe56f8713fa2f3c8f285b745f66726e,cbc357ccb763df2852fee8c4fc7d55f2,Source: Custom Source -> sentence-stream,192.168.152.220:38389-462450
taskmanager_job_task_operator_numRecordsOutPerSecond,1654011086976000000,40093220,192.168.152.220,Word Count,1a936cb48657826a536f331e9fb33b5e,word-count,349831.11666666664,0,9faa8c8a65dca9984c0b0cbeb5580c62,1a936cb48657826a536f331e9fb33b5e,word-count,192.168.152.220:38389-462450
taskmanager_job_task_operator_numRecordsOutPerSecond,1654011086976000000,4896366,192.168.152.220,Word Count,cbc357ccb763df2852fee8c4fc7d55f2,Source: Custom Source,42660.183333333334,0,8fe56f8713fa2f3c8f285b745f66726e,cbc357ccb763df2852fee8c4fc7d55f2,Source: Custom Source -> sentence-stream,192.168.152.220:38389-462450
taskmanager_job_task_operator_numRecordsOutPerSecond,1654011086976000000,40103005,192.168.152.220,Word Count,9dd63673dd41ea021b896d5203f3ba7c,word-splitter,349833.88333333336,0,53494c3cf3120227201b47007c976c72,9dd63673dd41ea021b896d5203f3ba7c,word-splitter,192.168.152.220:38389-462450
taskmanager_job_task_operator_numRecordsOutPerSecond,1654011086976000000,0,192.168.152.220,Word Count,aa0083b97ffaad66a1e3b93651ba4449,Sink: count-sink,0,0,abe41baad8e59688908c0844db9ed246,aa0083b97ffaad66a1e3b93651ba4449,Sink: count-sink,192.168.152.220:38389-462450
taskmanager_job_task_operator_numRecordsOutPerSecond,1654011086976000000,0,192.168.152.220,Word Count,aa0083b97ffaad66a1e3b93651ba4449,Sink: count-sink,0,1,f358d5662dcf0d70d6718f88463a1f79,aa0083b97ffaad66a1e3b93651ba4449,Sink: count-sink,192.168.152.220:38389-462450
taskmanager_job_task_operator_numRecordsOutPerSecond,1654011102032000000,0,192.168.152.220,Word Count,aa0083b97ffaad66a1e3b93651ba4449,Sink: count-sink,0,0,abe41baad8e59688908c0844db9ed246,aa0083b97ffaad66a1e3b93651ba4449,Sink: count-sink,192.168.152.220:38389-462450
taskmanager_job_task_operator_numRecordsOutPerSecond,1654011102032000000,0,192.168.152.220,Word Count,aa0083b97ffaad66a1e3b93651ba4449,Sink: count-sink,0,1,f358d5662dcf0d70d6718f88463a1f79,aa0083b97ffaad66a1e3b93651ba4449,Sink: count-sink,192.168.152.220:38389-462450
taskmanager_job_task_operator_numRecordsOutPerSecond,1654011102032000000,5539323,192.168.152.220,Word Count,7df19f87deec5680128845fd9a6ca18d,sentence-stream,42631.083333333336,0,8fe56f8713fa2f3c8f285b745f66726e,cbc357ccb763df2852fee8c4fc7d55f2,Source: Custom Source -> sentence-stream,192.168.152.220:38389-462450
taskmanager_job_task_operator_numRecordsOutPerSecond,1654011102032000000,0,192.168.152.220,Word Count,aa0083b97ffaad66a1e3b93651ba4449,Sink: count-sink,0,2,5de01e49a28c1343f94b0ec65653eec0,aa0083b97ffaad66a1e3b93651ba4449,Sink: count-sink,192.168.152.220:38389-462450
taskmanager_job_task_operator_numRecordsOutPerSecond,1654011102032000000,0,192.168.152.220,Word Count,aa0083b97ffaad66a1e3b93651ba4449,Sink: count-sink,0,3,7aad3c3ad117b59ffb3c7ea525f0799e,aa0083b97ffaad66a1e3b93651ba4449,Sink: count-sink,192.168.152.220:38389-462450
taskmanager_job_task_operator_numRecordsOutPerSecond,1654011102032000000,45376393,192.168.152.220,Word Count,9dd63673dd41ea021b896d5203f3ba7c,word-splitter,349529.11666666664,0,53494c3cf3120227201b47007c976c72,9dd63673dd41ea021b896d5203f3ba7c,word-splitter,192.168.152.220:38389-462450
taskmanager_job_task_operator_numRecordsOutPerSecond,1654011102032000000,45366501,192.168.152.220,Word Count,1a936cb48657826a536f331e9fb33b5e,word-count,349522.7833333333,0,9faa8c8a65dca9984c0b0cbeb5580c62,1a936cb48657826a536f331e9fb33b5e,word-count,192.168.152.220:38389-462450
taskmanager_job_task_operator_numRecordsOutPerSecond,1654011102032000000,5539323,192.168.152.220,Word Count,cbc357ccb763df2852fee8c4fc7d55f2,Source: Custom Source,42631.083333333336,0,8fe56f8713fa2f3c8f285b745f66726e,cbc357ccb763df2852fee8c4fc7d55f2,Source: Custom Source -> sentence-stream,192.168.152.220:38389-462450
taskmanager_job_task_operator_numRecordsOutPerSecond,1654011117164000000,50639787,192.168.152.220,Word Count,1a936cb48657826a536f331e9fb33b5e,word-count,348545.23333333334,0,9faa8c8a65dca9984c0b0cbeb5580c62,1a936cb48657826a536f331e9fb33b5e,word-count,192.168.152.220:38389-462450
taskmanager_job_task_operator_numRecordsOutPerSecond,1654011117164000000,6182281,192.168.152.220,Word Count,cbc357ccb763df2852fee8c4fc7d55f2,Source: Custom Source,42505.01666666667,0,8fe56f8713fa2f3c8f285b745f66726e,cbc357ccb763df2852fee8c4fc7d55f2,Source: Custom Source -> sentence-stream,192.168.152.220:38389-462450
taskmanager_job_task_operator_numRecordsOutPerSecond,1654011117164000000,6182281,192.168.152.220,Word Count,7df19f87deec5680128845fd9a6ca18d,sentence-stream,42505.01666666667,0,8fe56f8713fa2f3c8f285b745f66726e,cbc357ccb763df2852fee8c4fc7d55f2,Source: Custom Source -> sentence-stream,192.168.152.220:38389-462450
taskmanager_job_task_operator_numRecordsOutPerSecond,1654011117164000000,0,192.168.152.220,Word Count,aa0083b97ffaad66a1e3b93651ba4449,Sink: count-sink,0,0,abe41baad8e59688908c0844db9ed246,aa0083b97ffaad66a1e3b93651ba4449,Sink: count-sink,192.168.152.220:38389-462450
taskmanager_job_task_operator_numRecordsOutPerSecond,1654011117164000000,0,192.168.152.220,Word Count,aa0083b97ffaad66a1e3b93651ba4449,Sink: count-sink,0,1,f358d5662dcf0d70d6718f88463a1f79,aa0083b97ffaad66a1e3b93651ba4449,Sink: count-sink,192.168.152.220:38389-462450
taskmanager_job_task_operator_numRecordsOutPerSecond,1654011117164000000,50649342,192.168.152.220,Word Count,9dd63673dd41ea021b896d5203f3ba7c,word-splitter,348551.8333333333,0,53494c3cf3120227201b47007c976c72,9dd63673dd41ea021b896d5203f3ba7c,word-splitter,192.168.152.220:38389-462450
taskmanager_job_task_operator_numRecordsOutPerSecond,1654011117164000000,0,192.168.152.220,Word Count,aa0083b97ffaad66a1e3b93651ba4449,Sink: count-sink,0,2,5de01e49a28c1343f94b0ec65653eec0,aa0083b97ffaad66a1e3b93651ba4449,Sink: count-sink,192.168.152.220:38389-462450
taskmanager_job_task_operator_numRecordsOutPerSecond,1654011117164000000,0,192.168.152.220,Word Count,aa0083b97ffaad66a1e3b93651ba4449,Sink: count-sink,0,3,7aad3c3ad117b59ffb3c7ea525f0799e,aa0083b97ffaad66a1e3b93651ba4449,Sink: count-sink,192.168.152.220:38389-462450
taskmanager_job_task_operator_numRecordsOutPerSecond,1654011132291000000,0,192.168.152.220,Word Count,aa0083b97ffaad66a1e3b93651ba4449,Sink: count-sink,0,2,5de01e49a28c1343f94b0ec65653eec0,aa0083b97ffaad66a1e3b93651ba4449,Sink: count-sink,192.168.152.220:38389-462450
taskmanager_job_task_operator_numRecordsOutPerSecond,1654011132291000000,0,192.168.152.220,Word Count,aa0083b97ffaad66a1e3b93651ba4449,Sink: count-sink,0,3,7aad3c3ad117b59ffb3c7ea525f0799e,aa0083b97ffaad66a1e3b93651ba4449,Sink: count-sink,192.168.152.220:38389-462450
taskmanager_job_task_operator_numRecordsOutPerSecond,1654011132291000000,6827566,192.168.152.220,Word Count,7df19f87deec5680128845fd9a6ca18d,sentence-stream,42485.63333333333,0,8fe56f8713fa2f3c8f285b745f66726e,cbc357ccb763df2852fee8c4fc7d55f2,Source: Custom Source -> sentence-stream,192.168.152.220:38389-462450
taskmanager_job_task_operator_numRecordsOutPerSecond,1654011132291000000,55931125,192.168.152.220,Word Count,1a936cb48657826a536f331e9fb33b5e,word-count,348364.6,0,9faa8c8a65dca9984c0b0cbeb5580c62,1a936cb48657826a536f331e9fb33b5e,word-count,192.168.152.220:38389-462450
taskmanager_job_task_operator_numRecordsOutPerSecond,1654011132291000000,6827566,192.168.152.220,Word Count,cbc357ccb763df2852fee8c4fc7d55f2,Source: Custom Source,42485.63333333333,0,8fe56f8713fa2f3c8f285b745f66726e,cbc357ccb763df2852fee8c4fc7d55f2,Source: Custom Source -> sentence-stream,192.168.152.220:38389-462450
taskmanager_job_task_operator_numRecordsOutPerSecond,1654011132291000000,55941213,192.168.152.220,Word Count,9dd63673dd41ea021b896d5203f3ba7c,word-splitter,348363.9,0,53494c3cf3120227201b47007c976c72,9dd63673dd41ea021b896d5203f3ba7c,word-splitter,192.168.152.220:38389-462450
taskmanager_job_task_operator_numRecordsOutPerSecond,1654011132291000000,0,192.168.152.220,Word Count,aa0083b97ffaad66a1e3b93651ba4449,Sink: count-sink,0,0,abe41baad8e59688908c0844db9ed246,aa0083b97ffaad66a1e3b93651ba4449,Sink: count-sink,192.168.152.220:38389-462450
taskmanager_job_task_operator_numRecordsOutPerSecond,1654011132291000000,0,192.168.152.220,Word Count,aa0083b97ffaad66a1e3b93651ba4449,Sink: count-sink,0,1,f358d5662dcf0d70d6718f88463a1f79,aa0083b97ffaad66a1e3b93651ba4449,Sink: count-sink,192.168.152.220:38389-462450
taskmanager_job_task_operator_numRecordsOutPerSecond,1654011147418000000,0,192.168.152.220,Word Count,aa0083b97ffaad66a1e3b93651ba4449,Sink: count-sink,0,0,abe41baad8e59688908c0844db9ed246,aa0083b97ffaad66a1e3b93651ba4449,Sink: count-sink,192.168.152.220:38389-462450
taskmanager_job_task_operator_numRecordsOutPerSecond,1654011147418000000,0,192.168.152.220,Word Count,aa0083b97ffaad66a1e3b93651ba4449,Sink: count-sink,0,1,f358d5662dcf0d70d6718f88463a1f79,aa0083b97ffaad66a1e3b93651ba4449,Sink: count-sink,192.168.152.220:38389-462450
taskmanager_job_task_operator_numRecordsOutPerSecond,1654011147418000000,7461795,192.168.152.220,Word Count,7df19f87deec5680128845fd9a6ca18d,sentence-stream,42543.816666666666,0,8fe56f8713fa2f3c8f285b745f66726e,cbc357ccb763df2852fee8c4fc7d55f2,Source: Custom Source -> sentence-stream,192.168.152.220:38389-462450
taskmanager_job_task_operator_numRecordsOutPerSecond,1654011147418000000,0,192.168.152.220,Word Count,aa0083b97ffaad66a1e3b93651ba4449,Sink: count-sink,0,2,5de01e49a28c1343f94b0ec65653eec0,aa0083b97ffaad66a1e3b93651ba4449,Sink: count-sink,192.168.152.220:38389-462450
taskmanager_job_task_operator_numRecordsOutPerSecond,1654011147418000000,0,192.168.152.220,Word Count,aa0083b97ffaad66a1e3b93651ba4449,Sink: count-sink,0,3,7aad3c3ad117b59ffb3c7ea525f0799e,aa0083b97ffaad66a1e3b93651ba4449,Sink: count-sink,192.168.152.220:38389-462450
taskmanager_job_task_operator_numRecordsOutPerSecond,1654011147418000000,61139706,192.168.152.220,Word Count,9dd63673dd41ea021b896d5203f3ba7c,word-splitter,348836.0333333333,0,53494c3cf3120227201b47007c976c72,9dd63673dd41ea021b896d5203f3ba7c,word-splitter,192.168.152.220:38389-462450
taskmanager_job_task_operator_numRecordsOutPerSecond,1654011147418000000,61130308,192.168.152.220,Word Count,1a936cb48657826a536f331e9fb33b5e,word-count,348838.73333333334,0,9faa8c8a65dca9984c0b0cbeb5580c62,1a936cb48657826a536f331e9fb33b5e,word-count,192.168.152.220:38389-462450
taskmanager_job_task_operator_numRecordsOutPerSecond,1654011147418000000,7461795,192.168.152.220,Word Count,cbc357ccb763df2852fee8c4fc7d55f2,Source: Custom Source,42543.816666666666,0,8fe56f8713fa2f3c8f285b745f66726e,cbc357ccb763df2852fee8c4fc7d55f2,Source: Custom Source -> sentence-stream,192.168.152.220:38389-462450
taskmanager_job_task_operator_numRecordsOutPerSecond,1654011162466000000,66364929,192.168.152.220,Word Count,1a936cb48657826a536f331e9fb33b5e,word-count,347568,0,9faa8c8a65dca9984c0b0cbeb5580c62,1a936cb48657826a536f331e9fb33b5e,word-count,192.168.152.220:38389-462450
taskmanager_job_task_operator_numRecordsOutPerSecond,1654011162466000000,8100098,192.168.152.220,Word Count,cbc357ccb763df2852fee8c4fc7d55f2,Source: Custom Source,42378.95,0,8fe56f8713fa2f3c8f285b745f66726e,cbc357ccb763df2852fee8c4fc7d55f2,Source: Custom Source -> sentence-stream,192.168.152.220:38389-462450
taskmanager_job_task_operator_numRecordsOutPerSecond,1654011162466000000,8100098,192.168.152.220,Word Count,7df19f87deec5680128845fd9a6ca18d,sentence-stream,42378.95,0,8fe56f8713fa2f3c8f285b745f66726e,cbc357ccb763df2852fee8c4fc7d55f2,Source: Custom Source -> sentence-stream,192.168.152.220:38389-462450
taskmanager_job_task_operator_numRecordsOutPerSecond,1654011162466000000,0,192.168.152.220,Word Count,aa0083b97ffaad66a1e3b93651ba4449,Sink: count-sink,0,0,abe41baad8e59688908c0844db9ed246,aa0083b97ffaad66a1e3b93651ba4449,Sink: count-sink,192.168.152.220:38389-462450
taskmanager_job_task_operator_numRecordsOutPerSecond,1654011162466000000,0,192.168.152.220,Word Count,aa0083b97ffaad66a1e3b93651ba4449,Sink: count-sink,0,1,f358d5662dcf0d70d6718f88463a1f79,aa0083b97ffaad66a1e3b93651ba4449,Sink: count-sink,192.168.152.220:38389-462450
taskmanager_job_task_operator_numRecordsOutPerSecond,1654011162466000000,66374079,192.168.152.220,Word Count,9dd63673dd41ea021b896d5203f3ba7c,word-splitter,347555.61666666664,0,53494c3cf3120227201b47007c976c72,9dd63673dd41ea021b896d5203f3ba7c,word-splitter,192.168.152.220:38389-462450
taskmanager_job_task_operator_numRecordsOutPerSecond,1654011162466000000,0,192.168.152.220,Word Count,aa0083b97ffaad66a1e3b93651ba4449,Sink: count-sink,0,2,5de01e49a28c1343f94b0ec65653eec0,aa0083b97ffaad66a1e3b93651ba4449,Sink: count-sink,192.168.152.220:38389-462450
taskmanager_job_task_operator_numRecordsOutPerSecond,1654011162466000000,0,192.168.152.220,Word Count,aa0083b97ffaad66a1e3b93651ba4449,Sink: count-sink,0,3,7aad3c3ad117b59ffb3c7ea525f0799e,aa0083b97ffaad66a1e3b93651ba4449,Sink: count-sink,192.168.152.220:38389-462450
taskmanager_job_task_operator_numRecordsOutPerSecond,1654011177710000000,0,192.168.152.220,Word Count,aa0083b97ffaad66a1e3b93651ba4449,Sink: count-sink,0,2,5de01e49a28c1343f94b0ec65653eec0,aa0083b97ffaad66a1e3b93651ba4449,Sink: count-sink,192.168.152.220:38389-462450
taskmanager_job_task_operator_numRecordsOutPerSecond,1654011177710000000,0,192.168.152.220,Word Count,aa0083b97ffaad66a1e3b93651ba4449,Sink: count-sink,0,3,7aad3c3ad117b59ffb3c7ea525f0799e,aa0083b97ffaad66a1e3b93651ba4449,Sink: count-sink,192.168.152.220:38389-462450
taskmanager_job_task_operator_numRecordsOutPerSecond,1654011177710000000,8746546,192.168.152.220,Word Count,7df19f87deec5680128845fd9a6ca18d,sentence-stream,42281.96666666667,0,8fe56f8713fa2f3c8f285b745f66726e,cbc357ccb763df2852fee8c4fc7d55f2,Source: Custom Source -> sentence-stream,192.168.152.220:38389-462450
taskmanager_job_task_operator_numRecordsOutPerSecond,1654011177710000000,71665286,192.168.152.220,Word Count,1a936cb48657826a536f331e9fb33b5e,word-count,346665.76666666666,0,9faa8c8a65dca9984c0b0cbeb5580c62,1a936cb48657826a536f331e9fb33b5e,word-count,192.168.152.220:38389-462450
taskmanager_job_task_operator_numRecordsOutPerSecond,1654011177710000000,8746546,192.168.152.220,Word Count,cbc357ccb763df2852fee8c4fc7d55f2,Source: Custom Source,42281.96666666667,0,8fe56f8713fa2f3c8f285b745f66726e,cbc357ccb763df2852fee8c4fc7d55f2,Source: Custom Source -> sentence-stream,192.168.152.220:38389-462450
taskmanager_job_task_operator_numRecordsOutPerSecond,1654011177710000000,71674537,192.168.152.220,Word Count,9dd63673dd41ea021b896d5203f3ba7c,word-splitter,346653.4666666667,0,53494c3cf3120227201b47007c976c72,9dd63673dd41ea021b896d5203f3ba7c,word-splitter,192.168.152.220:38389-462450
taskmanager_job_task_operator_numRecordsOutPerSecond,1654011177710000000,0,192.168.152.220,Word Count,aa0083b97ffaad66a1e3b93651ba4449,Sink: count-sink,0,0,abe41baad8e59688908c0844db9ed246,aa0083b97ffaad66a1e3b93651ba4449,Sink: count-sink,192.168.152.220:38389-462450
taskmanager_job_task_operator_numRecordsOutPerSecond,1654011177710000000,0,192.168.152.220,Word Count,aa0083b97ffaad66a1e3b93651ba4449,Sink: count-sink,0,1,f358d5662dcf0d70d6718f88463a1f79,aa0083b97ffaad66a1e3b93651ba4449,Sink: count-sink,192.168.152.220:38389-462450
taskmanager_job_task_operator_numRecordsOutPerSecond,1654011192745000000,0,192.168.152.220,Word Count,aa0083b97ffaad66a1e3b93651ba4449,Sink: count-sink,0,0,abe41baad8e59688908c0844db9ed246,aa0083b97ffaad66a1e3b93651ba4449,Sink: count-sink,192.168.152.220:38389-462450
taskmanager_job_task_operator_numRecordsOutPerSecond,1654011192745000000,0,192.168.152.220,Word Count,aa0083b97ffaad66a1e3b93651ba4449,Sink: count-sink,0,1,f358d5662dcf0d70d6718f88463a1f79,aa0083b97ffaad66a1e3b93651ba4449,Sink: count-sink,192.168.152.220:38389-462450
taskmanager_job_task_operator_numRecordsOutPerSecond,1654011192745000000,9384267,192.168.152.220,Word Count,7df19f87deec5680128845fd9a6ca18d,sentence-stream,42301.35,0,8fe56f8713fa2f3c8f285b745f66726e,cbc357ccb763df2852fee8c4fc7d55f2,Source: Custom Source -> sentence-stream,192.168.152.220:38389-462450
taskmanager_job_task_operator_numRecordsOutPerSecond,1654011192745000000,0,192.168.152.220,Word Count,aa0083b97ffaad66a1e3b93651ba4449,Sink: count-sink,0,2,5de01e49a28c1343f94b0ec65653eec0,aa0083b97ffaad66a1e3b93651ba4449,Sink: count-sink,192.168.152.220:38389-462450
taskmanager_job_task_operator_numRecordsOutPerSecond,1654011192745000000,0,192.168.152.220,Word Count,aa0083b97ffaad66a1e3b93651ba4449,Sink: count-sink,0,3,7aad3c3ad117b59ffb3c7ea525f0799e,aa0083b97ffaad66a1e3b93651ba4449,Sink: count-sink,192.168.152.220:38389-462450
taskmanager_job_task_operator_numRecordsOutPerSecond,1654011192745000000,76907320,192.168.152.220,Word Count,9dd63673dd41ea021b896d5203f3ba7c,word-splitter,346916.5833333333,0,53494c3cf3120227201b47007c976c72,9dd63673dd41ea021b896d5203f3ba7c,word-splitter,192.168.152.220:38389-462450
taskmanager_job_task_operator_numRecordsOutPerSecond,1654011192745000000,76897978,192.168.152.220,Word Count,1a936cb48657826a536f331e9fb33b5e,word-count,346921.61666666664,0,9faa8c8a65dca9984c0b0cbeb5580c62,1a936cb48657826a536f331e9fb33b5e,word-count,192.168.152.220:38389-462450
taskmanager_job_task_operator_numRecordsOutPerSecond,1654011192745000000,9384267,192.168.152.220,Word Count,cbc357ccb763df2852fee8c4fc7d55f2,Source: Custom Source,42301.35,0,8fe56f8713fa2f3c8f285b745f66726e,cbc357ccb763df2852fee8c4fc7d55f2,Source: Custom Source -> sentence-stream,192.168.152.220:38389-462450
taskmanager_job_task_operator_numRecordsOutPerSecond,1654011207802000000,82196755,192.168.152.220,Word Count,1a936cb48657826a536f331e9fb33b5e,word-count,347691.18333333335,0,9faa8c8a65dca9984c0b0cbeb5580c62,1a936cb48657826a536f331e9fb33b5e,word-count,192.168.152.220:38389-462450
taskmanager_job_task_operator_numRecordsOutPerSecond,1654011207802000000,10030716,192.168.152.220,Word Count,cbc357ccb763df2852fee8c4fc7d55f2,Source: Custom Source,42408.03333333333,0,8fe56f8713fa2f3c8f285b745f66726e,cbc357ccb763df2852fee8c4fc7d55f2,Source: Custom Source -> sentence-stream,192.168.152.220:38389-462450
taskmanager_job_task_operator_numRecordsOutPerSecond,1654011207802000000,10030716,192.168.152.220,Word Count,7df19f87deec5680128845fd9a6ca18d,sentence-stream,42408.03333333333,0,8fe56f8713fa2f3c8f285b745f66726e,cbc357ccb763df2852fee8c4fc7d55f2,Source: Custom Source -> sentence-stream,192.168.152.220:38389-462450
taskmanager_job_task_operator_numRecordsOutPerSecond,1654011207802000000,0,192.168.152.220,Word Count,aa0083b97ffaad66a1e3b93651ba4449,Sink: count-sink,0,0,abe41baad8e59688908c0844db9ed246,aa0083b97ffaad66a1e3b93651ba4449,Sink: count-sink,192.168.152.220:38389-462450
taskmanager_job_task_operator_numRecordsOutPerSecond,1654011207802000000,0,192.168.152.220,Word Count,aa0083b97ffaad66a1e3b93651ba4449,Sink: count-sink,0,1,f358d5662dcf0d70d6718f88463a1f79,aa0083b97ffaad66a1e3b93651ba4449,Sink: count-sink,192.168.152.220:38389-462450
taskmanager_job_task_operator_numRecordsOutPerSecond,1654011207802000000,82206368,192.168.152.220,Word Count,9dd63673dd41ea021b896d5203f3ba7c,word-splitter,347693.61666666664,0,53494c3cf3120227201b47007c976c72,9dd63673dd41ea021b896d5203f3ba7c,word-splitter,192.168.152.220:38389-462450
taskmanager_job_task_operator_numRecordsOutPerSecond,1654011207802000000,0,192.168.152.220,Word Count,aa0083b97ffaad66a1e3b93651ba4449,Sink: count-sink,0,2,5de01e49a28c1343f94b0ec65653eec0,aa0083b97ffaad66a1e3b93651ba4449,Sink: count-sink,192.168.152.220:38389-462450
taskmanager_job_task_operator_numRecordsOutPerSecond,1654011207802000000,0,192.168.152.220,Word Count,aa0083b97ffaad66a1e3b93651ba4449,Sink: count-sink,0,3,7aad3c3ad117b59ffb3c7ea525f0799e,aa0083b97ffaad66a1e3b93651ba4449,Sink: count-sink,192.168.152.220:38389-462450
taskmanager_job_task_operator_numRecordsOutPerSecond,1654011222850000000,0,192.168.152.220,Word Count,aa0083b97ffaad66a1e3b93651ba4449,Sink: count-sink,0,2,5de01e49a28c1343f94b0ec65653eec0,aa0083b97ffaad66a1e3b93651ba4449,Sink: count-sink,192.168.152.220:38389-462450
taskmanager_job_task_operator_numRecordsOutPerSecond,1654011222850000000,0,192.168.152.220,Word Count,aa0083b97ffaad66a1e3b93651ba4449,Sink: count-sink,0,3,7aad3c3ad117b59ffb3c7ea525f0799e,aa0083b97ffaad66a1e3b93651ba4449,Sink: count-sink,192.168.152.220:38389-462450
taskmanager_job_task_operator_numRecordsOutPerSecond,1654011222850000000,10670182,192.168.152.220,Word Count,7df19f87deec5680128845fd9a6ca18d,sentence-stream,42621.4,0,8fe56f8713fa2f3c8f285b745f66726e,cbc357ccb763df2852fee8c4fc7d55f2,Source: Custom Source -> sentence-stream,192.168.152.220:38389-462450
taskmanager_job_task_operator_numRecordsOutPerSecond,1654011222850000000,87440858,192.168.152.220,Word Count,1a936cb48657826a536f331e9fb33b5e,word-count,349501.18333333335,0,9faa8c8a65dca9984c0b0cbeb5580c62,1a936cb48657826a536f331e9fb33b5e,word-count,192.168.152.220:38389-462450
taskmanager_job_task_operator_numRecordsOutPerSecond,1654011222850000000,10670182,192.168.152.220,Word Count,cbc357ccb763df2852fee8c4fc7d55f2,Source: Custom Source,42621.4,0,8fe56f8713fa2f3c8f285b745f66726e,cbc357ccb763df2852fee8c4fc7d55f2,Source: Custom Source -> sentence-stream,192.168.152.220:38389-462450
taskmanager_job_task_operator_numRecordsOutPerSecond,1654011222850000000,87450514,192.168.152.220,Word Count,9dd63673dd41ea021b896d5203f3ba7c,word-splitter,349510.45,0,53494c3cf3120227201b47007c976c72,9dd63673dd41ea021b896d5203f3ba7c,word-splitter,192.168.152.220:38389-462450
taskmanager_job_task_operator_numRecordsOutPerSecond,1654011222850000000,0,192.168.152.220,Word Count,aa0083b97ffaad66a1e3b93651ba4449,Sink: count-sink,0,0,abe41baad8e59688908c0844db9ed246,aa0083b97ffaad66a1e3b93651ba4449,Sink: count-sink,192.168.152.220:38389-462450
taskmanager_job_task_operator_numRecordsOutPerSecond,1654011222850000000,0,192.168.152.220,Word Count,aa0083b97ffaad66a1e3b93651ba4449,Sink: count-sink,0,1,f358d5662dcf0d70d6718f88463a1f79,aa0083b97ffaad66a1e3b93651ba4449,Sink: count-sink,192.168.152.220:38389-462450
taskmanager_job_task_operator_numRecordsOutPerSecond,1654011237906000000,0,192.168.152.220,Word Count,aa0083b97ffaad66a1e3b93651ba4449,Sink: count-sink,0,0,abe41baad8e59688908c0844db9ed246,aa0083b97ffaad66a1e3b93651ba4449,Sink: count-sink,192.168.152.220:38389-462450
taskmanager_job_task_operator_numRecordsOutPerSecond,1654011237906000000,0,192.168.152.220,Word Count,aa0083b97ffaad66a1e3b93651ba4449,Sink: count-sink,0,1,f358d5662dcf0d70d6718f88463a1f79,aa0083b97ffaad66a1e3b93651ba4449,Sink: count-sink,192.168.152.220:38389-462450
taskmanager_job_task_operator_numRecordsOutPerSecond,1654011237906000000,11312558,192.168.152.220,Word Count,7df19f87deec5680128845fd9a6ca18d,sentence-stream,42698.98333333333,0,8fe56f8713fa2f3c8f285b745f66726e,cbc357ccb763df2852fee8c4fc7d55f2,Source: Custom Source -> sentence-stream,192.168.152.220:38389-462450
taskmanager_job_task_operator_numRecordsOutPerSecond,1654011237906000000,0,192.168.152.220,Word Count,aa0083b97ffaad66a1e3b93651ba4449,Sink: count-sink,0,2,5de01e49a28c1343f94b0ec65653eec0,aa0083b97ffaad66a1e3b93651ba4449,Sink: count-sink,192.168.152.220:38389-462450
taskmanager_job_task_operator_numRecordsOutPerSecond,1654011237906000000,0,192.168.152.220,Word Count,aa0083b97ffaad66a1e3b93651ba4449,Sink: count-sink,0,3,7aad3c3ad117b59ffb3c7ea525f0799e,aa0083b97ffaad66a1e3b93651ba4449,Sink: count-sink,192.168.152.220:38389-462450
taskmanager_job_task_operator_numRecordsOutPerSecond,1654011237906000000,92718461,192.168.152.220,Word Count,9dd63673dd41ea021b896d5203f3ba7c,word-splitter,350130.73333333334,0,53494c3cf3120227201b47007c976c72,9dd63673dd41ea021b896d5203f3ba7c,word-splitter,192.168.152.220:38389-462450
taskmanager_job_task_operator_numRecordsOutPerSecond,1654011237906000000,92708962,192.168.152.220,Word Count,1a936cb48657826a536f331e9fb33b5e,word-count,350124.25,0,9faa8c8a65dca9984c0b0cbeb5580c62,1a936cb48657826a536f331e9fb33b5e,word-count,192.168.152.220:38389-462450
taskmanager_job_task_operator_numRecordsOutPerSecond,1654011237906000000,11312558,192.168.152.220,Word Count,cbc357ccb763df2852fee8c4fc7d55f2,Source: Custom Source,42698.98333333333,0,8fe56f8713fa2f3c8f285b745f66726e,cbc357ccb763df2852fee8c4fc7d55f2,Source: Custom Source -> sentence-stream,192.168.152.220:38389-462450
taskmanager_job_task_operator_numRecordsOutPerSecond,1654011252946000000,97982114,192.168.152.220,Word Count,1a936cb48657826a536f331e9fb33b5e,word-count,349991.06666666665,0,9faa8c8a65dca9984c0b0cbeb5580c62,1a936cb48657826a536f331e9fb33b5e,word-count,192.168.152.220:38389-462450
taskmanager_job_task_operator_numRecordsOutPerSecond,1654011252946000000,11955516,192.168.152.220,Word Count,cbc357ccb763df2852fee8c4fc7d55f2,Source: Custom Source,42679.583333333336,0,8fe56f8713fa2f3c8f285b745f66726e,cbc357ccb763df2852fee8c4fc7d55f2,Source: Custom Source -> sentence-stream,192.168.152.220:38389-462450
taskmanager_job_task_operator_numRecordsOutPerSecond,1654011252946000000,0,192.168.152.220,Word Count,aa0083b97ffaad66a1e3b93651ba4449,Sink: count-sink,0,3,7aad3c3ad117b59ffb3c7ea525f0799e,aa0083b97ffaad66a1e3b93651ba4449,Sink: count-sink,192.168.152.220:38389-462450
taskmanager_job_task_operator_numRecordsOutPerSecond,1654011252946000000,0,192.168.152.220,Word Count,aa0083b97ffaad66a1e3b93651ba4449,Sink: count-sink,0,2,5de01e49a28c1343f94b0ec65653eec0,aa0083b97ffaad66a1e3b93651ba4449,Sink: count-sink,192.168.152.220:38389-462450
taskmanager_job_task_operator_numRecordsOutPerSecond,1654011252946000000,0,192.168.152.220,Word Count,aa0083b97ffaad66a1e3b93651ba4449,Sink: count-sink,0,1,f358d5662dcf0d70d6718f88463a1f79,aa0083b97ffaad66a1e3b93651ba4449,Sink: count-sink,192.168.152.220:38389-462450
taskmanager_job_task_operator_numRecordsOutPerSecond,1654011252946000000,0,192.168.152.220,Word Count,aa0083b97ffaad66a1e3b93651ba4449,Sink: count-sink,0,0,abe41baad8e59688908c0844db9ed246,aa0083b97ffaad66a1e3b93651ba4449,Sink: count-sink,192.168.152.220:38389-462450
taskmanager_job_task_operator_numRecordsOutPerSecond,1654011252946000000,97991855,192.168.152.220,Word Count,9dd63673dd41ea021b896d5203f3ba7c,word-splitter,349995.18333333335,0,53494c3cf3120227201b47007c976c72,9dd63673dd41ea021b896d5203f3ba7c,word-splitter,192.168.152.220:38389-462450
taskmanager_job_task_operator_numRecordsOutPerSecond,1654011252946000000,11955516,192.168.152.220,Word Count,7df19f87deec5680128845fd9a6ca18d,sentence-stream,42679.583333333336,0,8fe56f8713fa2f3c8f285b745f66726e,cbc357ccb763df2852fee8c4fc7d55f2,Source: Custom Source -> sentence-stream,192.168.152.220:38389-462450
